name	female	male	number_of_GFP_kernels	number_of_WT_kernels	year	cross_type	family	category	allele	FPKM
X402x484-3m3	402	484-3m3	202	208	2018	male	484	vegetative_cell_high	R98H09	369.498
X481AL-1x402	481AL-1	402	39	53	2018	female	481	vegetative_cell_high	R92F08	330.685
X402x427-2m3	402	427-2m3	59	40	2018	male	427	sperm_cell_high	R106G12	126.303
X402x426-1m3	402	426-1m3	234	239	2018	male	426	seedling_only	R106F04	103.9473
X402x423-2m3	402	423-2m3	326	283	2018	male	423	vegetative_cell_high	R103E04	35.5349
X402x435L-2m3	402	435L-2m3	251	290	2018	male	435	vegetative_cell_high	R27E01	47.4902
X481A-1x402	481A-1	402	67	72	2018	female	481	vegetative_cell_high	R92F08	330.685
X427-3x402	427-3	402	155	185	2018	female	427	sperm_cell_high	R106G12	126.303
X474-2x402	474-2	402	145	195	2018	female	474	sperm_cell_high	R87A03	51.2846
X402x447-3m2	402	447-3m2	278	234	2018	male	447	seedling_only	R46C04	106.187666666667
X401x421-1m2	401	421-1m2	126	96	2018	male	421	vegetative_cell_high	R101B03	4371.01
X401Ex471A-2m1	401E	471A-2m1	216	213	2018	male	471	vegetative_cell_high	R83B04	90.3365
X445-1x402	445-1	402	182	176	2018	female	445	vegetative_cell_high	R41F01	159.129
X402x441-2m1	402	441-2m1	287	264	2018	male	441	sperm_cell_high	R35A03	160.436
X498-2x402	498-2	402	250	206	2018	female	498	vegetative_cell_high	R107C12	885.729
X402x466-5m2	402	466-5m2	273	328	2018	male	466	vegetative_cell_high	R77F09	33.3009
X402x440-1m1	402	440-1m1	215	254	2018	male	440	vegetative_cell_high	R33F03	304.574
X403x486-1m2	403	486-1m2	191	193	2018	male	486	vegetative_cell_high	R04G10	60.916
X401x488-1m1	401	488-1m1	252	255	2018	male	488	vegetative_cell_high	R34C11	885.729
X402x447-4m1	402	447-4m1	291	276	2018	male	447	seedling_only	R46C04	106.187666666667
X491L-2x402	491L-2	402	239	273	2018	female	491	sperm_cell_high	R82A03	392.156
X402x456-2m2	402	456-2m2	228	261	2018	male	456	seedling_only	R63F09	38.2865666666667
X447-1x402	447-1	402	131	128	2018	female	447	seedling_only	R46C04	106.187666666667
X401x469A-2m1	401	469A-2m1	240	217	2018	male	469	vegetative_cell_high	R81G05	64.6735
X403x433-3m1	403	433-3m1	271	267	2018	male	433	vegetative_cell_high	R24D03	165.028
X401x415-1m1	401	415-1m1	158	171	2018	male	415	vegetative_cell_high	R01G01	176.627
X402x451A-4m2	402	451A-4m2	256	229	2018	male	451	sperm_cell_high	R53C03	48.0851
X401x484-4m3	401	484-4m3	230	255	2018	male	484	vegetative_cell_high	R98H09	369.498
X498L-2x403	498L-2	403	271	233	2018	female	498	vegetative_cell_high	R107C12	885.729
X403x445-4m1	403	445-4m1	246	238	2018	male	445	vegetative_cell_high	R41F01	159.129
X415-4x402	415-4	402	97	88	2018	female	415	vegetative_cell_high	R01G01	176.627
X402x462A-3m2	402	462A-3m2	251	231	2018	male	462	vegetative_cell_high	R72D11	90.5725
X418-1x402	418-1	402	107	97	2018	female	418	vegetative_cell_high	R04A02	52.5708
X403x475A-5m1	403	475A-5m1	199	231	2018	male	475	vegetative_cell_high	R88B08	720.42
X402x456L-1m1	402	456L-1m1	301	296	2018	male	456	seedling_only	R63F09	38.2865666666667
X401x433-2m1	401	433-2m1	230	98	2018	male	433	vegetative_cell_high	R24D03	165.028
X402x454-3m1	402	454-3m1	170	171	2018	male	454	sperm_cell_high	R60D10	76.6179
X429-2x402	429-2	402	74	79	2018	female	429	seedling_only	R12H07	37.5026
X401x481A-1m1	401	481A-1m1	191	226	2018	male	481	vegetative_cell_high	R92F08	330.685
X490-3x402	490-3	402	179	198	2018	female	490	vegetative_cell_high	R49F11	4175.48
X402x434-1m1	402	434-1m1	301	240	2018	male	434	sperm_cell_high	R26G07	118.053
X403x474-1m1	403	474-1m1	96	101	2018	male	474	sperm_cell_high	R87A03	51.2846
X401x468A-1m1	401	468A-1m1	140	229	2018	male	468	vegetative_cell_high	R81E02	4371.01
X402x469A-3m1	402	469A-3m1	296	267	2018	male	469	vegetative_cell_high	R81G05	64.6735
X402x475A-1m3	402	475A-1m3	200	192	2018	male	475	vegetative_cell_high	R88B08	720.42
X402x433L-2m2	402	433L-2m2	174	188	2018	male	433	vegetative_cell_high	R24D03	165.028
X402x490-5m1	402	490-5m1	263	284	2018	male	490	vegetative_cell_high	R49F11	4175.48
X489-4x402	489-4	402	69	70	2018	female	489	vegetative_cell_high	R45E04	32.8555
X402x421-5m3	402	421-5m3	210	177	2018	male	421	vegetative_cell_high	R101B03	4371.01
X437-1x402	437-1	402	121	118	2018	female	437	sperm_cell_high	R31B01	46.2179
X468A-2x402	468A-2	402	171	156	2018	female	468	vegetative_cell_high	R81E02	4371.01
X401x485-3m1	401	485-3m1	195	211	2018	male	485	vegetative_cell_high	R99B02	56.2152
X451A-5x402	451A-5	402	139	137	2018	female	451	sperm_cell_high	R53C03	48.0851
X440-1x402	440-1	402	122	117	2018	female	440	vegetative_cell_high	R33F03	304.574
X401x423-1m1	401	423-1m1	139	195	2018	male	423	vegetative_cell_high	R103E04	35.5349
X402x480A-4m2	402	480A-4m2	290	259	2018	male	480	vegetative_cell_high	R92A10	132.288
X485-5x402	485-5	402	137	138	2018	female	485	vegetative_cell_high	R99B02	56.2152
X454-3x402	454-3	402	70	81	2018	female	454	sperm_cell_high	R60D10	76.6179
X451A-1x402	451A-1	402	75	86	2018	female	451	sperm_cell_high	R53C03	48.0851
X459-2x402	459-2	402	173	144	2018	female	459	vegetative_cell_high	R67C09	21028.2
X401x420-4m1	401	420-4m1	200	210	2018	male	420	vegetative_cell_high	R08A07	353.673
X401x491L-2m1	401	491L-2m1	137	256	2018	male	491	sperm_cell_high	R82A03	392.156
X454L-1x402	454L-1	402	107	95	2018	female	454	sperm_cell_high	R60D10	76.6179
X427L-1x402	427L-1	402	135	144	2018	female	427	sperm_cell_high	R106G12	126.303
X400x485L-3m2	400	485L-3m2	141	158	2018	male	485	vegetative_cell_high	R99B02	56.2152
X492-3x402	492-3	402	292	266	2018	female	492	sperm_cell_high	R84A12	392.156
X401x418-3m1	401	418-3m1	107	126	2018	male	418	vegetative_cell_high	R04A02	52.5708
X403x498-3m1	403	498-3m1	221	258	2018	male	498	vegetative_cell_high	R107C12	885.729
X402x437-1m3	402	437-1m3	82	84	2018	male	437	sperm_cell_high	R31B01	46.2179
X402x432-2m3	402	432-2m3	212	217	2018	male	432	vegetative_cell_high	R23D05	31.1667
X401x480A-3m1	401	480A-3m1	265	247	2018	male	480	vegetative_cell_high	R92A10	132.288
X403x437-2m1	403	437-2m1	111	128	2018	male	437	sperm_cell_high	R31B01	46.2179
X401x442-1m1	401	442-1m1	201	236	2018	male	442	vegetative_cell_high	R35A08	162
X402x422-2m2	402	422-2m2	101	125	2018	male	422	vegetative_cell_high	R102H01	2786.36
X401x435-5m1	401	435-5m1	225	233	2018	male	435	vegetative_cell_high	R27E01	47.4902
X400x429-1m1	400	429-1m1	199	205	2018	male	429	seedling_only	R12H07	37.5026
X402x451A-5m2	402	451A-5m2	254	271	2018	male	451	sperm_cell_high	R53C03	48.0851
X400x429L-1m1	400	429L-1m1	162	174	2018	male	429	seedling_only	R12H07	37.5026
X400x485-5m1	400	485-5m1	197	204	2018	male	485	vegetative_cell_high	R99B02	56.2152
X402x418-1m3	402	418-1m3	215	294	2018	male	418	vegetative_cell_high	R04A02	52.5708
X442-1x402	442-1	402	219	239	2018	female	442	vegetative_cell_high	R35A08	162
X401x437-3m1	401	437-3m1	187	217	2018	male	437	sperm_cell_high	R31B01	46.2179
X485L-3x402	485L-3	402	142	151	2018	female	485	vegetative_cell_high	R99B02	56.2152
X402x489-3m2	402	489-3m2	256	240	2018	male	489	vegetative_cell_high	R45E04	32.8555
X434-1x402	434-1	402	44	43	2018	female	434	sperm_cell_high	R26G07	118.053
X401x491-1m1	401	491-1m1	102	243	2018	male	491	sperm_cell_high	R82A03	392.156
X402x450-2m1	402	450-2m1	249	260	2018	male	450	vegetative_cell_high	R52E07	153.004
X402x462A-3m4	402	462A-3m4	217	186	2018	male	462	vegetative_cell_high	R72D11	90.5725
X489-5x402	489-5	402	139	157	2018	female	489	vegetative_cell_high	R45E04	32.8555
X401x474-4m2	401	474-4m2	278	251	2018	male	474	sperm_cell_high	R87A03	51.2846
X400x417-3m1	400	417-3m1	168	170	2018	male	417	vegetative_cell_high	R02D02	54.9727
X402x462A-3m3	402	462A-3m3	304	308	2018	male	462	vegetative_cell_high	R72D11	90.5725
X422-2x402	422-2	402	90	92	2018	female	422	vegetative_cell_high	R102H01	2786.36
X459-3x402	459-3	402	126	121	2018	female	459	vegetative_cell_high	R67C09	21028.2
X434L-1x402	434L-1	402	96	86	2018	female	434	sperm_cell_high	R26G07	118.053
X402x494-1m2	402	494-1m2	304	276	2018	male	494	sperm_cell_high	R91F11	220.451
X402x456-2m3	402	456-2m3	69	72	2018	male	456	seedling_only	R63F09	38.2865666666667
X451A-4x402	451A-4	402	83	101	2018	female	451	sperm_cell_high	R53C03	48.0851
X401x484-3m1	401	484-3m1	197	266	2018	male	484	vegetative_cell_high	R98H09	369.498
X402x487A-1m1	402	487A-1m1	213	201	2018	male	487	vegetative_cell_high	R32B05	32.8555
X402x481A-2m1	402	481A-2m1	151	147	2018	male	481	vegetative_cell_high	R92F08	330.685
X401x442-2m1	401	442-2m1	143	164	2018	male	442	vegetative_cell_high	R35A08	162
X402x486-2m1	402	486-2m1	301	303	2018	male	486	vegetative_cell_high	R04G10	60.916
X402x468A-2m1	402	468A-2m1	205	203	2018	male	468	vegetative_cell_high	R81E02	4371.01
X451AL-1x402	451AL-1	402	219	80	2018	female	451	sperm_cell_high	R53C03	48.0851
X402x466-5m3	402	466-5m3	201	200	2018	male	466	vegetative_cell_high	R77F09	33.3009
X402x451A-1m1	402	451A-1m1	222	195	2018	male	451	sperm_cell_high	R53C03	48.0851
X402x474-4m1	402	474-4m1	263	242	2018	male	474	sperm_cell_high	R87A03	51.2846
X492-2x402	492-2	402	255	279	2018	female	492	sperm_cell_high	R84A12	392.156
X429L-1x402	429L-1	402	160	145	2018	female	429	seedling_only	R12H07	37.5026
X400x498L-2m1	400	498L-2m1	173	213	2018	male	498	vegetative_cell_high	R107C12	885.729
X402x456L-3m1	402	456L-3m1	140	145	2018	male	456	seedling_only	R63F09	38.2865666666667
X402x450-1m1	402	450-1m1	178	233	2018	male	450	vegetative_cell_high	R52E07	153.004
X402x488-3m2	402	488-3m2	295	293	2018	male	488	vegetative_cell_high	R34C11	885.729
X402x447-3m3	402	447-3m3	171	180	2018	male	447	seedling_only	R46C04	106.187666666667
X401x490-1m1	401	490-1m1	270	301	2018	male	490	vegetative_cell_high	R49F11	4175.48
X400x421-2m1	400	421-2m1	129	114	2018	male	421	vegetative_cell_high	R101B03	4371.01
X402x484-3m2	402	484-3m2	262	272	2018	male	484	vegetative_cell_high	R98H09	369.498
X441L-3x402	441L-3	402	122	132	2018	female	441	sperm_cell_high	R35A03	160.436
X402x427-2m2	402	427-2m2	272	281	2018	male	427	sperm_cell_high	R106G12	126.303
X456-2x402	456-2	402	55	71	2018	female	456	seedling_only	R63F09	38.2865666666667
X402x423-2m2	402	423-2m2	265	267	2018	male	423	vegetative_cell_high	R103E04	35.5349
X402x426-1m2	402	426-1m2	211	229	2018	male	426	seedling_only	R106F04	103.9473
X402x458-1m1	402	458-1m1	248	249	2018	male	458	seedling_only	R65E02	234.641
X402x435L-2m2	402	435L-2m2	223	214	2018	male	435	vegetative_cell_high	R27E01	47.4902
X439-1x402	439-1	402	102	89	2018	female	439	vegetative_cell_high	R31H05	196.9
X445-4x402	445-4	402	168	166	2018	female	445	vegetative_cell_high	R41F01	159.129
X402x489-3m3	402	489-3m3	246	241	2018	male	489	vegetative_cell_high	R45E04	32.8555
X494-2x402	494-2	402	190	183	2018	female	494	sperm_cell_high	R91F11	220.451
X402x422-2m3	402	422-2m3	102	141	2018	male	422	vegetative_cell_high	R102H01	2786.36
X488-1x402T	488-1	402T	265	249	2018	female	488	vegetative_cell_high	R34C11	885.729
X402x418-1m2	402	418-1m2	249	269	2018	male	418	vegetative_cell_high	R04A02	52.5708
X427-2x402	427-2	402	158	156	2018	female	427	sperm_cell_high	R106G12	126.303
X450-2x402	450-2	402	163	208	2018	female	450	vegetative_cell_high	R52E07	153.004
X402x432-2m2	402	432-2m2	192	164	2018	male	432	vegetative_cell_high	R23D05	31.1667
X402x437-1m2	402	437-1m2	193	206	2018	male	437	sperm_cell_high	R31B01	46.2179
X498-3x402	498-3	402	160	177	2018	female	498	vegetative_cell_high	R107C12	885.729
X402x486-3m1	402	486-3m1	189	173	2018	male	486	vegetative_cell_high	R04G10	60.916
X426L-2x402	426L-2	402	85	95	2018	female	426	seedling_only	R106F04	103.9473
X402x427L-1m1	402	427L-1m1	128	142	2018	male	427	sperm_cell_high	R106G12	126.303
X401x480A-1m1	401	480A-1m1	243	205	2018	male	480	vegetative_cell_high	R92A10	132.288
X447-4x402	447-4	402	146	138	2018	female	447	seedling_only	R46C04	106.187666666667
X402x429-2m1	402	429-2m1	156	183	2018	male	429	seedling_only	R12H07	37.5026
X402x449A-1m1	402	449A-1m1	159	177	2018	male	449	seedling_only	R52B09	96.7292666666667
X402x480A-4m3	402	480A-4m3	180	163	2018	male	480	vegetative_cell_high	R92A10	132.288
X462A-1x402	462A-1	402	117	128	2018	female	462	vegetative_cell_high	R72D11	90.5725
X401x432-2m1	401	432-2m1	206	208	2018	male	432	vegetative_cell_high	R23D05	31.1667
X402x421-5m2	402	421-5m2	183	178	2018	male	421	vegetative_cell_high	R101B03	4371.01
X456L-1x402	456L-1	402	160	145	2018	female	456	seedling_only	R63F09	38.2865666666667
X403x415-3m1	403	415-3m1	162	166	2018	male	415	vegetative_cell_high	R01G01	176.627
X400x466L-2m1	400	466L-2m1	187	159	2018	male	466	vegetative_cell_high	R77F09	33.3009
X400x481AL-1m3	400	481AL-1m3	137	190	2018	male	481	vegetative_cell_high	R92F08	330.685
X403x454-3m4	403	454-3m4	237	218	2018	male	454	sperm_cell_high	R60D10	76.6179
X402x475A-1m2	402	475A-1m2	205	184	2018	male	475	vegetative_cell_high	R88B08	720.42
X403x481A-3m1	403	481A-3m1	120	120	2018	male	481	vegetative_cell_high	R92F08	330.685
X402x459-3m1	402	459-3m1	244	350	2018	male	459	vegetative_cell_high	R67C09	21028.2
X400x468AL-2m1	400	468AL-2m1	169	161	2018	male	468	vegetative_cell_high	R81E02	4371.01
X403x447-3m4	403	447-3m4	182	150	2018	male	447	seedling_only	R46C04	106.187666666667
X402x418-1m1	402	418-1m1	165	255	2018	male	418	vegetative_cell_high	R04A02	52.5708
X422-4x402	422-4	402	194	202	2018	female	422	vegetative_cell_high	R102H01	2786.36
X401x420-1m1	401	420-1m1	266	290	2018	male	420	vegetative_cell_high	R08A07	353.673
X402x450-2m3	402	450-2m3	190	220	2018	male	450	vegetative_cell_high	R52E07	153.004
X480A-4x402	480A-4	402	172	169	2018	female	480	vegetative_cell_high	R92A10	132.288
X468A-5x402	468A-5	402	161	148	2018	female	468	vegetative_cell_high	R81E02	4371.01
X489-3x402	489-3	402	225	231	2018	female	489	vegetative_cell_high	R45E04	32.8555
X458-1x402	458-1	402	112	126	2018	female	458	seedling_only	R65E02	234.641
X401x474-2m2	401	474-2m2	162	190	2018	male	474	sperm_cell_high	R87A03	51.2846
X468A-1x402	468A-1	402	143	160	2018	female	468	vegetative_cell_high	R81E02	4371.01
X437-2x402	437-2	402	202	216	2018	female	437	sperm_cell_high	R31B01	46.2179
X402x437-1m1	402	437-1m1	95	85	2018	male	437	sperm_cell_high	R31B01	46.2179
X441-2x402	441-2	402	190	175	2018	female	441	sperm_cell_high	R35A03	160.436
X415L-1x402	415L-1	402	143	151	2018	female	415	vegetative_cell_high	R01G01	176.627
X402x429-2m2	402	429-2m2	258	241	2018	male	429	seedling_only	R12H07	37.5026
X401x434-3m1	401	434-3m1	162	150	2018	male	434	sperm_cell_high	R26G07	118.053
X402x449A-1m2	402	449A-1m2	172	145	2018	male	449	seedling_only	R52B09	96.7292666666667
X400x422-1m1	400	422-1m1	162	152	2018	male	422	vegetative_cell_high	R102H01	2786.36
X401x466-1m1	401	466-1m1	238	228	2018	male	466	vegetative_cell_high	R77F09	33.3009
X400x434L-1m1	400	434L-1m1	128	172	2018	male	434	sperm_cell_high	R26G07	118.053
X475A-5x402	475A-5	402	133	129	2018	female	475	vegetative_cell_high	R88B08	720.42
X468AL-2x402	468AL-2	402	139	166	2018	female	468	vegetative_cell_high	R81E02	4371.01
X403x415-4m1	403	415-4m1	211	206	2018	male	415	vegetative_cell_high	R01G01	176.627
X442-2x402	442-2	402	146	175	2018	female	442	vegetative_cell_high	R35A08	162
X439-3x402	439-3	402	168	151	2018	female	439	vegetative_cell_high	R31H05	196.9
X401x445-1m1	401	445-1m1	198	165	2018	male	445	vegetative_cell_high	R41F01	159.129
X401x440-2m1	401	440-2m1	202	275	2018	male	440	vegetative_cell_high	R33F03	304.574
X403x435-1m1	403	435-1m1	155	151	2018	male	435	vegetative_cell_high	R27E01	47.4902
X402x469A-3m3	402	469A-3m3	274	246	2018	male	469	vegetative_cell_high	R81G05	64.6735
X402x474-2m1	402	474-2m1	183	203	2018	male	474	sperm_cell_high	R87A03	51.2846
X402x475A-1m1	402	475A-1m1	148	118	2018	male	475	vegetative_cell_high	R88B08	720.42
X402x427-3m1	402	427-3m1	241	241	2018	male	427	sperm_cell_high	R106G12	126.303
X402x421-5m1	402	421-5m1	209	219	2018	male	421	vegetative_cell_high	R101B03	4371.01
X402x490-5m3	402	490-5m3	196	265	2018	male	490	vegetative_cell_high	R49F11	4175.48
X402x488-2m1	402	488-2m1	320	295	2018	male	488	vegetative_cell_high	R34C11	885.729
X401x484-4m1	401	484-4m1	200	225	2018	male	484	vegetative_cell_high	R98H09	369.498
X400x454L-1m1	400	454L-1m1	79	109	2018	male	454	sperm_cell_high	R60D10	76.6179
X402x447-1m1	402	447-1m1	230	251	2018	male	447	seedling_only	R46C04	106.187666666667
X402x439-1m2	402	439-1m2	207	175	2018	male	439	vegetative_cell_high	R31H05	196.9
X417-3x402	417-3	402	140	125	2018	female	417	vegetative_cell_high	R02D02	54.9727
X402x454-3m3	402	454-3m3	320	293	2018	male	454	sperm_cell_high	R60D10	76.6179
X401x432L-3m1	401	432L-3m1	242	245	2018	male	432	vegetative_cell_high	R23D05	31.1667
X498-5x402	498-5	402	153	145	2018	female	498	vegetative_cell_high	R107C12	885.729
X494-4x402	494-4	402	221	223	2018	female	494	sperm_cell_high	R91F11	220.451
X474-1x402	474-1	402	103	113	2018	female	474	sperm_cell_high	R87A03	51.2846
X401x459-2m1	401	459-2m1	227	249	2018	male	459	vegetative_cell_high	R67C09	21028.2
X402x417-2m2	402	417-2m2	144	158	2018	male	417	vegetative_cell_high	R02D02	54.9727
X402x487A-1m2	402	487A-1m2	177	185	2018	male	487	vegetative_cell_high	R32B05	32.8555
X403x498-2m3	403	498-2m3	219	246	2018	male	498	vegetative_cell_high	R107C12	885.729
X403x498L-2m2	403	498L-2m2	246	232	2018	male	498	vegetative_cell_high	R107C12	885.729
X445-2x402	445-2	402	154	146	2018	female	445	vegetative_cell_high	R41F01	159.129
X402x421-1m3	402	421-1m3	127	125	2018	male	421	vegetative_cell_high	R101B03	4371.01
X471A-2x402	471A-2	402	141	130	2018	female	471	vegetative_cell_high	R83B04	90.3365
X402x494-1m1	402	494-1m1	136	129	2018	male	494	sperm_cell_high	R91F11	220.451
X469A-3x402	469A-3	402	76	91	2018	female	469	vegetative_cell_high	R81G05	64.6735
X402x415-4m2	402	415-4m2	202	233	2018	male	415	vegetative_cell_high	R01G01	176.627
X481A-2x402	481A-2	402	129	148	2018	female	481	vegetative_cell_high	R92F08	330.685
X402x484-4m2	402	484-4m2	214	209	2018	male	484	vegetative_cell_high	R98H09	369.498
X402x441-2m3	402	441-2m3	294	246	2018	male	441	sperm_cell_high	R35A03	160.436
X462A-3x402	462A-3	402	157	154	2018	female	462	vegetative_cell_high	R72D11	90.5725
X400x459-3m2	400	459-3m2	144	190	2018	male	459	vegetative_cell_high	R67C09	21028.2
X456L-3x402	456L-3	402	74	78	2018	female	456	seedling_only	R63F09	38.2865666666667
X402x445-2m3	402	445-2m3	271	278	2018	male	445	vegetative_cell_high	R41F01	159.129
X402x440-1m3	402	440-1m3	167	208	2018	male	440	vegetative_cell_high	R33F03	304.574
X429-1x402	429-1	402	60	72	2018	female	429	seedling_only	R12H07	37.5026
X401x439-1m1	401	439-1m1	235	245	2018	male	439	vegetative_cell_high	R31H05	196.9
X415-3x402	415-3	402	107	107	2018	female	415	vegetative_cell_high	R01G01	176.627
X401x491-5m1	401	491-5m1	123	242	2018	male	491	sperm_cell_high	R82A03	392.156
X402x486-2m2	402	486-2m2	213	206	2018	male	486	vegetative_cell_high	R04G10	60.916
X402x474-4m5	402	474-4m5	181	171	2018	male	474	sperm_cell_high	R87A03	51.2846
X402x468A-2m2	402	468A-2m2	160	181	2018	male	468	vegetative_cell_high	R81E02	4371.01
X402x427-2m1	402	427-2m1	205	201	2018	male	427	sperm_cell_high	R106G12	126.303
X401x417-2m1	401	417-2m1	121	126	2018	male	417	vegetative_cell_high	R02D02	54.9727
X400x426L-2m2	400	426L-2m2	126	135	2018	male	426	seedling_only	R106F04	103.9473
X402x458-1m2	402	458-1m2	208	233	2018	male	458	seedling_only	R65E02	234.641
X402x426-1m1	402	426-1m1	167	145	2018	male	426	seedling_only	R106F04	103.9473
X402x423-2m1	402	423-2m1	220	213	2018	male	423	vegetative_cell_high	R103E04	35.5349
X401x440-3m1	401	440-3m1	133	177	2018	male	440	vegetative_cell_high	R33F03	304.574
X402x435L-2m1	402	435L-2m1	131	160	2018	male	435	vegetative_cell_high	R27E01	47.4902
X402x462A-1m1	402	462A-1m1	160	196	2018	male	462	vegetative_cell_high	R72D11	90.5725
X402x421-4m1	402	421-4m1	178	267	2018	male	421	vegetative_cell_high	R101B03	4371.01
X403x432-5m1	403	432-5m1	261	279	2018	male	432	vegetative_cell_high	R23D05	31.1667
X402x488-3m1	402	488-3m1	239	302	2018	male	488	vegetative_cell_high	R34C11	885.729
X400x445L-3m1	400	445L-3m1	174	197	2018	male	445	vegetative_cell_high	R41F01	159.129
X402x468A-5m1	402	468A-5m1	190	164	2018	male	468	vegetative_cell_high	R81E02	4371.01
X401x420-3m1	401	420-3m1	202	258	2018	male	420	vegetative_cell_high	R08A07	353.673
X417-2x402	417-2	402	101	82	2018	female	417	vegetative_cell_high	R02D02	54.9727
X402x490-5m2	402	490-5m2	227	325	2018	male	490	vegetative_cell_high	R49F11	4175.48
X426-1x402	426-1	402	158	176	2018	female	426	seedling_only	R106F04	103.9473
X498-4x402	498-4	402	92	124	2018	female	498	vegetative_cell_high	R107C12	885.729
X450-1x402	450-1	402	126	105	2018	female	450	vegetative_cell_high	R52E07	153.004
X400x481AL-1m1	400	481AL-1m1	136	211	2018	male	481	vegetative_cell_high	R92F08	330.685
X417L-1x402	417L-1	402	96	107	2018	female	417	vegetative_cell_high	R02D02	54.9727
X402x469A-3m2	402	469A-3m2	274	265	2018	male	469	vegetative_cell_high	R81G05	64.6735
X402x459-3m3	402	459-3m3	154	196	2018	male	459	vegetative_cell_high	R67C09	21028.2
X401x475A-3m1	401	475A-3m1	223	241	2018	male	475	vegetative_cell_high	R88B08	720.42
X445L-3x402	445L-3	402	174	184	2018	female	445	vegetative_cell_high	R41F01	159.129
X402x494-2m1	402	494-2m1	254	257	2018	male	494	sperm_cell_high	R91F11	220.451
X402x449A-1m4	402	449A-1m4	109	130	2018	male	449	seedling_only	R52B09	96.7292666666667
X403x494-1m3	403	494-1m3	202	227	2018	male	494	sperm_cell_high	R91F11	220.451
X469A-2x402	469A-2	402	163	134	2018	female	469	vegetative_cell_high	R81G05	64.6735
X481A-3x402	481A-3	402	149	151	2018	female	481	vegetative_cell_high	R92F08	330.685
X403x433L-2m1	403	433L-2m1	115	153	2018	male	433	vegetative_cell_high	R24D03	165.028
X402x429-2m3	402	429-2m3	184	201	2018	male	429	seedling_only	R12H07	37.5026
X402x498-2m1	402	498-2m1	280	275	2018	male	498	vegetative_cell_high	R107C12	885.729
X402x449A-1m3	402	449A-1m3	73	90	2018	male	449	seedling_only	R52B09	96.7292666666667
X400x418-2m1	400	418-2m1	178	217	2018	male	418	vegetative_cell_high	R04A02	52.5708
X402x480A-4m1	402	480A-4m1	252	239	2018	male	480	vegetative_cell_high	R92A10	132.288
X494-1x402	494-1	402	247	242	2018	female	494	sperm_cell_high	R91F11	220.451
X474-4x402	474-4	402	183	186	2018	female	474	sperm_cell_high	R87A03	51.2846
X401x492-3m1	401	492-3m1	78	232	2018	male	492	sperm_cell_high	R84A12	392.156
X400x415L-1m1	400	415L-1m1	153	176	2018	male	415	vegetative_cell_high	R01G01	176.627
X440L-2x402	440L-2	402	115	109	2018	female	440	vegetative_cell_high	R33F03	304.574
X400x485L-3m1	400	485L-3m1	150	154	2018	male	485	vegetative_cell_high	R99B02	56.2152
X403x488-3m3	403	488-3m3	214	203	2018	male	488	vegetative_cell_high	R34C11	885.729
X403x433-5m1	403	433-5m1	111	109	2018	male	433	vegetative_cell_high	R24D03	165.028
X403x439-3m1	403	439-3m1	213	199	2018	male	439	vegetative_cell_high	R31H05	196.9
X402x489-3m1	402	489-3m1	190	178	2018	male	489	vegetative_cell_high	R45E04	32.8555
X402x450-2m2	402	450-2m2	212	213	2018	male	450	vegetative_cell_high	R52E07	153.004
X447-3x402	447-3	402	178	181	2018	female	447	seedling_only	R46C04	106.187666666667
X487A-1x402	487A-1	402	205	226	2018	female	487	vegetative_cell_high	R32B05	32.8555
X480AL-1x402	480AL-1	402	136	132	2018	female	480	vegetative_cell_high	R92A10	132.288
X402x422-2m1	402	422-2m1	61	50	2018	male	422	vegetative_cell_high	R102H01	2786.36
X402x451A-5m1	402	451A-5m1	192	185	2018	male	451	sperm_cell_high	R53C03	48.0851
X403x498-4m1	403	498-4m1	202	196	2018	male	498	vegetative_cell_high	R107C12	885.729
X440-3x402	440-3	402	128	122	2018	female	440	vegetative_cell_high	R33F03	304.574
X403x468A-2m4	403	468A-2m4	270	249	2018	male	468	vegetative_cell_high	R81E02	4371.01
X402x447-3m1	402	447-3m1	286	292	2018	male	447	seedling_only	R46C04	106.187666666667
X401x421-1m1	401	421-1m1	103	92	2018	male	421	vegetative_cell_high	R101B03	4371.01
X485-3x402	485-3	402	204	199	2018	female	485	vegetative_cell_high	R99B02	56.2152
X401x489-5m1	401	489-5m1	289	260	2018	male	489	vegetative_cell_high	R45E04	32.8555
X491-5x402	491-5	402	224	202	2018	female	491	sperm_cell_high	R82A03	392.156
X488-2x402	488-2	402	136	128	2018	female	488	vegetative_cell_high	R34C11	885.729
X422-1x402	422-1	402	191	176	2018	female	422	vegetative_cell_high	R102H01	2786.36
X402x458-1m3	402	458-1m3	145	164	2018	male	458	seedling_only	R65E02	234.641
X400x466-4m1	400	466-4m1	127	144	2018	male	466	vegetative_cell_high	R77F09	33.3009
X401x462A-3m1	401	462A-3m1	207	210	2018	male	462	vegetative_cell_high	R72D11	90.5725
X402x490-3m1	402	490-3m1	94	153	2018	male	490	vegetative_cell_high	R49F11	4175.48
X403x486-1m1	403	486-1m1	224	226	2018	male	486	vegetative_cell_high	R04G10	60.916
X441-3x402	441-3	402	157	163	2018	female	441	sperm_cell_high	R35A03	160.436
X490-1x402	490-1	402	196	180	2018	female	490	vegetative_cell_high	R49F11	4175.48
X402x439-4m1	402	439-4m1	170	190	2018	male	439	vegetative_cell_high	R31H05	196.9
X402x486-2m3	402	486-2m3	244	303	2018	male	486	vegetative_cell_high	R04G10	60.916
X402x432-1m1	402	432-1m1	191	182	2018	male	432	vegetative_cell_high	R23D05	31.1667
X490-5x402	490-5	402	244	245	2018	female	490	vegetative_cell_high	R49F11	4175.48
X402x468A-2m3	402	468A-2m3	156	168	2018	male	468	vegetative_cell_high	R81E02	4371.01
X402x474-4m4	402	474-4m4	141	163	2018	male	474	sperm_cell_high	R87A03	51.2846
X484-3x402	484-3	402	147	128	2018	female	484	vegetative_cell_high	R98H09	369.498
X402x441-2m2	402	441-2m2	258	224	2018	male	441	sperm_cell_high	R35A03	160.436
X402x466-5m1	402	466-5m1	214	221	2018	male	466	vegetative_cell_high	R77F09	33.3009
X402x474-4m3	402	474-4m3	265	256	2018	male	474	sperm_cell_high	R87A03	51.2846
X402x440-1m2	402	440-1m2	243	302	2018	male	440	vegetative_cell_high	R33F03	304.574
X402x445-2m2	402	445-2m2	217	260	2018	male	445	vegetative_cell_high	R41F01	159.129
X437-3x402	437-3	402	85	73	2018	female	437	sperm_cell_high	R31B01	46.2179
X459L-1x402	459L-1	402	150	103	2018	female	459	vegetative_cell_high	R67C09	21028.2
X401x494-4m1	401	494-4m1	149	207	2018	male	494	sperm_cell_high	R91F11	220.451
X402x415-4m3	402	415-4m3	149	145	2018	male	415	vegetative_cell_high	R01G01	176.627
X402x456-2m1	402	456-2m1	328	315	2018	male	456	seedling_only	R63F09	38.2865666666667
X402x417-2m3	402	417-2m3	106	111	2018	male	417	vegetative_cell_high	R02D02	54.9727
X434-3x402	434-3	402	131	160	2018	female	434	sperm_cell_high	R26G07	118.053
X403x498-2m2	403	498-2m2	243	215	2018	male	498	vegetative_cell_high	R107C12	885.729
X401x492-2m1	401	492-2m1	71	254	2018	male	492	sperm_cell_high	R84A12	392.156
X402x485-5m2	402	485-5m2	287	296	2018	male	485	vegetative_cell_high	R99B02	56.2152
X403x441-3m1	403	441-3m1	175	199	2018	male	441	sperm_cell_high	R35A03	160.436
X402x454-3m2	402	454-3m2	281	287	2018	male	454	sperm_cell_high	R60D10	76.6179
X492-1x402	492-1	402	281	250	2018	female	492	sperm_cell_high	R84A12	392.156
X402x451A-4m1	402	451A-4m1	212	213	2018	male	451	sperm_cell_high	R53C03	48.0851
X403x498-5m1	403	498-5m1	135	187	2018	male	498	vegetative_cell_high	R107C12	885.729
X401x445-2m1	401	445-2m1	256	262	2018	male	445	vegetative_cell_high	R41F01	159.129
X400x457-1m1	400	457-1m1	185	174	2018_additional_alleles	male	457	seedling_only	R65A10	695.5563333
X446L-2x402	446L-2	402	207	198	2018_additional_alleles	female	446	seedling_only	R44E07	116.5753333
X470-2x402	470-2	402	122	122	2018_additional_alleles	female	470	sperm_cell_high	R83A02	508.239
X400x446L-2m1	400	446L-2m1	136	156	2018_additional_alleles	male	446	seedling_only	R44E07	116.5753333
X402x479A-1m1	402	479A-1m1	218	229	2018_additional_alleles	male	479	seedling_only	R91G06	53.8378
X403x470-2m1	403	470-2m1	201	191	2018_additional_alleles	male	470	sperm_cell_high	R83A02	508.239
X402x457-1m3	402	457-1m3	238	240	2018_additional_alleles	male	457	seedling_only	R65A10	695.5563333
X402x457-1m4	402	457-1m4	236	238	2018_additional_alleles	male	457	seedling_only	R65A10	695.5563333
X479A-1x402	479A-1	402	127	162	2018_additional_alleles	female	479	seedling_only	R91G06	53.8378
X402x479A-1m2	402	479A-1m2	137	134	2018_additional_alleles	male	479	seedling_only	R91G06	53.8378
X400x457-1m2	400	457-1m2	159	149	2018_additional_alleles	male	457	seedling_only	R65A10	695.5563333
X402x479A-1m3	402	479A-1m3	197	181	2018_additional_alleles	male	479	seedling_only	R91G06	53.8378
X457-1x402	457-1	402	174	178	2018_additional_alleles	female	457	seedling_only	R65A10	695.5563333
X402x460-2m1	402	460-2m1	178	194	2018_additional_alleles	male	460	vegetative_cell_high	R67H12	58.0787
X403x416-2m1	403	416-2m1	159	138	2018_additional_alleles	male	416	vegetative_cell_high	R02A05	24.0476
X402x416-1m3	402	416-1m3	197	215	2018_additional_alleles	male	416	vegetative_cell_high	R02A05	24.0476
X401x416-3m1	401	416-3m1	137	211	2018_additional_alleles	male	416	vegetative_cell_high	R02A05	24.0476
X401x473-3m1	401	473-3m1	229	297	2018_additional_alleles	male	473	vegetative_cell_high	R85A08	242.762
X401x528-2m1	401	528-2m1	200	256	2018_additional_alleles	male	528	sperm_cell_high	R06C04	849.346
X403x473-2m1	403	473-2m1	261	224	2018_additional_alleles	male	473	vegetative_cell_high	R85A08	242.762
X403x436-4m1	403	436-4m1	276	248	2018_additional_alleles	male	436	sperm_cell_high	R29A11	25.5451
X460L-1x402	460L-1	402	210	204	2018_additional_alleles	female	460	vegetative_cell_high	R67H12	58.0787
X403x473-1m1	403	473-1m1	249	212	2018_additional_alleles	male	473	vegetative_cell_high	R85A08	242.762
X528-5x402	528-5	402	246	283	2018_additional_alleles	female	528	sperm_cell_high	R06C04	849.346
X403x477A-2m1	403	477A-2m1	209	259	2018_additional_alleles	male	477	sperm_cell_high	R89B08	43.9868
X402x416-1m2	402	416-1m2	205	213	2018_additional_alleles	male	416	vegetative_cell_high	R02A05	24.0476
X402x528-5m3	402	528-5m3	196	212	2018_additional_alleles	male	528	sperm_cell_high	R06C04	849.346
X402x416-1m1	402	416-1m1	132	182	2018_additional_alleles	male	416	vegetative_cell_high	R02A05	24.0476
X402x528-5m4	402	528-5m4	238	259	2018_additional_alleles	male	528	sperm_cell_high	R06C04	849.346
X401x477A-4m1	401	477A-4m1	192	325	2018_additional_alleles	male	477	sperm_cell_high	R89B08	43.9868
X403x436-3m1	403	436-3m1	158	151	2018_additional_alleles	male	436	sperm_cell_high	R29A11	25.5451
X402x460-2m3	402	460-2m3	187	249	2018_additional_alleles	male	460	vegetative_cell_high	R67H12	58.0787
X460-3x402	460-3	402	132	116	2018_additional_alleles	female	460	vegetative_cell_high	R67H12	58.0787
X402x528-5m2	402	528-5m2	229	209	2018_additional_alleles	male	528	sperm_cell_high	R06C04	849.346
X401x460-3m1	401	460-3m1	156	169	2018_additional_alleles	male	460	vegetative_cell_high	R67H12	58.0787
X401x436-1m1	401	436-1m1	228	257	2018_additional_alleles	male	436	sperm_cell_high	R29A11	25.5451
X460-2x402	460-2	402	231	219	2018_additional_alleles	female	460	vegetative_cell_high	R67H12	58.0787
X528-2x402	528-2	402	210	207	2018_additional_alleles	female	528	sperm_cell_high	R06C04	849.346
X401x528-5m1	401	528-5m1	217	236	2018_additional_alleles	male	528	sperm_cell_high	R06C04	849.346
X402x428-3m1	402	428-3m1	277	318	2018_additional_alleles	male	428	vegetative_cell_high	R108A02	126.313
X400x428-2m1	400	428-2m1	166	185	2018_additional_alleles	male	428	vegetative_cell_high	R108A02	126.313
X401x428-4m1	401	428-4m1	207	200	2018_additional_alleles	male	428	vegetative_cell_high	R108A02	126.313
Y2x25-3	2	25-3	155	146	2019	male	25	seedling_only	R63F09	38.2865666666667
Y55-5x1	55-5	1	274	254	2019	female	55	vegetative_cell_high	R77F09	33.3009
Y2x17-1	2	17-1	199	198	2019	male	17	vegetative_cell_high	R32B05	32.8555
Y50G-6x1	50G-6	1	219	197	2019	female	50	sperm_cell_high	R106G12	126.303
Y2x85-1	2	85-1	213	187	2019	male	85	vegetative_cell_high	R34C11	885.729
Y2x73-5	2	73-5	33	57	2019	male	73	sperm_cell_high	R35A03	160.436
Y54-6x1	54-6	1	143	181	2019	female	54	vegetative_cell_high	R33F03	304.574
Y2x50G-4	2	50G-4	163	190	2019	male	50	sperm_cell_high	R106G12	126.303
Y2x58-4m2	2	58-4m2	174	194	2019	male	58	vegetative_cell_high	R99B02	56.2152
Y53-3x1	53-3	1	288	294	2019	female	53	seedling_only	R52B09	96.7292666666667
Y2x36-1	2	36-1	229	209	2019	male	36	vegetative_cell_high	R92A10	132.288
Y2x50G-3	2	50G-3	245	224	2019	male	50	sperm_cell_high	R106G12	126.303
Y2x85-6	2	85-6	187	201	2019	male	85	vegetative_cell_high	R34C11	885.729
Y2x73-2	2	73-2	195	204	2019	male	73	sperm_cell_high	R35A03	160.436
Y88-3x1	88-3	1	164	195	2019	female	88	vegetative_cell_high	R107C12	885.729
Y87-6x1	87-6	1	263	228	2019	female	87	sperm_cell_high	R84A12	392.156
Y2x55-1	2	55-1	107	105	2019	male	55	vegetative_cell_high	R77F09	33.3009
Y86-5x1	86-5	1	281	281	2019	female	86	vegetative_cell_high	R103E04	35.5349
Y84-3x1	84-3	1	285	230	2019	female	84	seedling_only	R65E02	234.641
Y26-1x1	26-1	1	178	186	2019	female	26	vegetative_cell_high	R01G01	176.627
Y23-2x1	23-2	1	278	232	2019	female	23	vegetative_cell_high	R04A02	52.5708
Y70-3x1	70-3	1	240	212	2019	female	70	vegetative_cell_high	R08A07	353.673
Y2x46-3	2	46-3	179	192	2019	male	46	sperm_cell_high	R60D10	76.6179
Y80-3x1	80-3	1	251	247	2019	female	80	vegetative_cell_high	R72D11	90.5725
Y2x80-3	2	80-3	181	179	2019	male	80	vegetative_cell_high	R72D11	90.5725
Y43-1x1	43-1	1	230	203	2019	female	43	seedling_only	R46C04	106.187666666667
Y46-2x1	46-2	1	249	228	2019	female	46	sperm_cell_high	R60D10	76.6179
Y2x41B-4	2	41B-4	135	153	2019	male	41	vegetative_cell_high	R98H09	369.498
Y17-5x1	17-5	1	164	162	2019	female	17	vegetative_cell_high	R32B05	32.8555
Y2x73G-2?	2	73G-2?	218	176	2019	male	73	sperm_cell_high	R35A03	160.436
Y19-3x1	19-3	1	138	156	2019	female	19	sperm_cell_high	R82A03	392.156
Y36-3x1	36-3	1	139	170	2019	female	36	vegetative_cell_high	R92A10	132.288
Y2x71-4	2	71-4	155	126	2019	male	71	vegetative_cell_high	R81E02	4371.01
Y38-5x1	38-5	1	180	169	2019	female	38	vegetative_cell_high	R04G10	60.916
Y32-3x1	32-3	1	266	219	2019	female	32	vegetative_cell_high	R27E01	47.4902
Y2x69-5	2	69-5	171	242	2019	male	69	vegetative_cell_high	R49F11	4175.48
Y2x62-1	2	62-1	204	204	2019	male	62	vegetative_cell_high	R31H05	196.9
Y66-7x1	66-7	1	234	250	2019	female	66	sperm_cell_high	R26G07	118.053
Y35-6x1	35-6	1	207	213	2019	female	35	vegetative_cell_high	R81G05	64.6735
Y73G-2?x1	73G-2?	1	168	174	2019	female	73	sperm_cell_high	R35A03	160.436
Y68-1x1	68-1	1	293	258	2019	female	68	vegetative_cell_high	R83B04	90.3365
Y34-5x1	34-5	1	272	265	2019	female	34	vegetative_cell_high	R101B03	4371.01
Y2x43-1	2	43-1	208	171	2019	male	43	seedling_only	R46C04	106.187666666667
Y2x53-2	2	53-2	201	212	2019	male	53	seedling_only	R52B09	96.7292666666667
Y2x37-6	2	37-6	145	144	2019	male	37	seedling_only	R106F04	103.9473
Y51-4x1	51-4	1	216	195	2019	female	51	vegetative_cell_high	R52E07	153.004
Y55-4x1	55-4	1	244	262	2019	female	55	vegetative_cell_high	R77F09	33.3009
Y2x24-3	2	24-3	163	216	2019	male	24	vegetative_cell_high	R102H01	2786.36
Y2x84-1	2	84-1	111	80	2019	male	84	seedling_only	R65E02	234.641
Y50G-7x1	50G-7	1	235	253	2019	female	50	sperm_cell_high	R106G12	126.303
Y52-1x1	52-1	1	314	311	2019	female	52	vegetative_cell_high	R52E07	153.004
Y2x24-4	2	24-4	127	323	2019	male	24	vegetative_cell_high	R102H01	2786.36
Y2x82-11	2	82-11	232	228	2019	male	82	vegetative_cell_high	R35A08	162
Y2x72-2	2	72-2	138	133	2019	male	72	vegetative_cell_high	R67C09	21028.2
Y2x84-6	2	84-6	182	206	2019	male	84	seedling_only	R65E02	234.641
Y82-8x1	82-8	1	186	155	2019	female	82	vegetative_cell_high	R35A08	162
Y2x53-5	2	53-5	159	277	2019	male	53	seedling_only	R52B09	96.7292666666667
Y2x37-1	2	37-1	133	151	2019	male	37	seedling_only	R106F04	103.9473
Y59-4x1	59-4	1	186	209	2019	female	59	seedling_only	R12H07	37.5026
Y53-2x1	53-2	1	194	178	2019	female	53	seedling_only	R52B09	96.7292666666667
Y2x66-3	2	66-3	170	162	2019	male	66	sperm_cell_high	R26G07	118.053
Y86-4x1	86-4	1	329	283	2019	female	86	vegetative_cell_high	R103E04	35.5349
Y2x54-1	2	54-1	50	59	2019	male	54	vegetative_cell_high	R33F03	304.574
Y25-5x1	25-5	1	317	275	2019	female	25	seedling_only	R63F09	38.2865666666667
Y2x72-6m2	2	72-6m2	153	192	2019	male	72	vegetative_cell_high	R67C09	21028.2
Y2x11-2	2	11-2	203	222	2019	male	11	sperm_cell_high	R91F11	220.451
Y2x75-6	2	75-6	238	243	2019	male	75	vegetative_cell_high	R45E04	32.8555
Y75-1x1	75-1	1	298	232	2019	female	75	vegetative_cell_high	R45E04	32.8555
Y70-2x1	70-2	1	249	218	2019	female	70	vegetative_cell_high	R08A07	353.673
Y2x11-5	2	11-5	271	248	2019	male	11	sperm_cell_high	R91F11	220.451
Y23-3x1	23-3	1	244	221	2019	female	23	vegetative_cell_high	R04A02	52.5708
Y80-2x1	80-2	1	322	302	2019	female	80	vegetative_cell_high	R72D11	90.5725
Y85-1x1	85-1	1	305	205	2019	female	85	vegetative_cell_high	R34C11	885.729
Y2x83-5	2	83-5	254	266	2019	male	83	vegetative_cell_high	R35A08	162
Y2x88-1	2	88-1	223	196	2019	male	88	vegetative_cell_high	R107C12	885.729
Y2x75-1	2	75-1	133	162	2019	male	75	vegetative_cell_high	R45E04	32.8555
Y84-2x1	84-2	1	384	184	2019	female	84	seedling_only	R65E02	234.641
Y2x54-6	2	54-6	181	245	2019	male	54	vegetative_cell_high	R33F03	304.574
Y71-1x1	71-1	1	229	221	2019	female	71	vegetative_cell_high	R81E02	4371.01
Y2x32-4	2	32-4	99	93	2019	male	32	vegetative_cell_high	R27E01	47.4902
Y46-3x1	46-3	1	311	249	2019	female	46	sperm_cell_high	R60D10	76.6179
Y66-10x1	66-10	1	206	211	2019	female	66	sperm_cell_high	R26G07	118.053
Y2x45-5	2	45-5	217	218	2019	male	45	sperm_cell_high	R87A03	51.2846
Y11-2x1	11-2	1	298	280	2019	female	11	sperm_cell_high	R91F11	220.451
Y14-1x1	14-1	1	229	252	2019	female	14	vegetative_cell_high	R92F08	330.685
Y2x25-5m3	2	25-5m3	182	182	2019	male	25	seedling_only	R63F09	38.2865666666667
Y19-2x1	19-2	1	187	195	2019	female	19	sperm_cell_high	R82A03	392.156
Y40-5x1	40-5	1	269	223	2019	female	40	sperm_cell_high	R31B01	46.2179
Y2x45-2	2	45-2	258	231	2019	male	45	sperm_cell_high	R87A03	51.2846
Y2x32-3	2	32-3	133	155	2019	male	32	vegetative_cell_high	R27E01	47.4902
Y17-4x1	17-4	1	235	226	2019	female	17	vegetative_cell_high	R32B05	32.8555
Y18-1x1	18-1	1	202	203	2019	female	18	vegetative_cell_high	R02D02	54.9727
Y2x63-1	2	63-1	212	181	2019	male	63	sperm_cell_high	R53C03	48.0851
Y37-1x1	37-1	1	259	267	2019	female	37	seedling_only	R106F04	103.9473
Y32-2x1	32-2	1	221	244	2019	female	32	vegetative_cell_high	R27E01	47.4902
Y2x51-3	2	51-3	155	154	2019	male	51	vegetative_cell_high	R52E07	153.004
Y36-2x1	36-2	1	235	230	2019	female	36	vegetative_cell_high	R92A10	132.288
Y33-1x1	33-1	1	349	290	2019	female	33	vegetative_cell_high	R27E01	47.4902
Y2x26-2	2	26-2	166	161	2019	male	26	vegetative_cell_high	R01G01	176.627
Y41B-6x1	41B-6	1	271	268	2019	female	41	vegetative_cell_high	R98H09	369.498
Y2x70-3	2	70-3	279	200	2019	male	70	vegetative_cell_high	R08A07	353.673
Y2x49-5	2	49-5	90	115	2019	male	49	vegetative_cell_high	R24D03	165.028
Y2x26-5	2	26-5	232	186	2019	male	26	vegetative_cell_high	R01G01	176.627
Y2x68-2	2	68-2	211	193	2019	male	68	vegetative_cell_high	R83B04	90.3365
Y69-3x1	69-3	1	197	197	2019	female	69	vegetative_cell_high	R49F11	4175.48
Y66-6x1	66-6	1	247	257	2019	female	66	sperm_cell_high	R26G07	118.053
Y2x51-4	2	51-4	175	187	2019	male	51	vegetative_cell_high	R52E07	153.004
Y63-5x1	63-5	1	197	190	2019	female	63	sperm_cell_high	R53C03	48.0851
Y2x34-1	2	34-1	156	183	2019	male	34	vegetative_cell_high	R101B03	4371.01
Y56-2x1	56-2	1	211	193	2019	female	56	vegetative_cell_high	R41F01	159.129
Y53-1x1	53-1	1	311	277	2019	female	53	seedling_only	R52B09	96.7292666666667
Y2x69-3	2	69-3	235	251	2019	male	69	vegetative_cell_high	R49F11	4175.48
Y2x71-2	2	71-2	144	186	2019	male	71	vegetative_cell_high	R81E02	4371.01
Y2x87-6	2	87-6	50	241	2019	male	87	sperm_cell_high	R84A12	392.156
Y87-8x1	87-8	1	264	252	2019	female	87	sperm_cell_high	R84A12	392.156
Y52-2x1	52-2	1	304	233	2019	female	52	vegetative_cell_high	R52E07	153.004
Y58-4x1	58-4	1	286	274	2019	female	58	vegetative_cell_high	R99B02	56.2152
Y2x71-5	2	71-5	123	137	2019	male	71	vegetative_cell_high	R81E02	4371.01
Y50G-4x1	50G-4	1	202	227	2019	female	50	sperm_cell_high	R106G12	126.303
Y2x87-1	2	87-1	106	267	2019	male	87	sperm_cell_high	R84A12	392.156
Y2x34-6	2	34-6	171	183	2019	male	34	vegetative_cell_high	R101B03	4371.01
Y54-4x1	54-4	1	230	227	2019	female	54	vegetative_cell_high	R33F03	304.574
Y2x69-4	2	69-4	108	176	2019	male	69	vegetative_cell_high	R49F11	4175.48
Y71-2x1	71-2	1	219	223	2019	female	71	vegetative_cell_high	R81E02	4371.01
Y2x41B-5	2	41B-5	197	166	2019	male	41	vegetative_cell_high	R98H09	369.498
Y84-1x1	84-1	1	216	239	2019	female	84	seedling_only	R65E02	234.641
Y80-1x1	80-1	1	253	287	2019	female	80	vegetative_cell_high	R72D11	90.5725
Y2x80-5	2	80-5	225	263	2019	male	80	vegetative_cell_high	R72D11	90.5725
Y70-1x1	70-1	1	245	241	2019	female	70	vegetative_cell_high	R08A07	353.673
Y75-2x1	75-2	1	246	245	2019	female	75	vegetative_cell_high	R45E04	32.8555
Y2x19-1	2	19-1	99	218	2019	male	19	sperm_cell_high	R82A03	392.156
Y26-3x1	26-3	1	160	177	2019	female	26	vegetative_cell_high	R01G01	176.627
Y2x80-2	2	80-2	188	212	2019	male	80	vegetative_cell_high	R72D11	90.5725
Y82-7x1	82-7	1	242	239	2019	female	82	vegetative_cell_high	R35A08	162
Y87-4x1	87-4	1	316	243	2019	female	87	sperm_cell_high	R84A12	392.156
Y88-1x1	88-1	1	209	228	2019	female	88	vegetative_cell_high	R107C12	885.729
Y2x19-6	2	19-6	98	184	2019	male	19	sperm_cell_high	R82A03	392.156
Y24-5x1	24-5	1	284	255	2019	female	24	vegetative_cell_high	R102H01	2786.36
Y20-5x1	20-5	1	266	209	2019	female	20	vegetative_cell_high	R23D05	31.1667
Y2x38-1	2	38-1	229	251	2019	male	38	vegetative_cell_high	R04G10	60.916
Y25-6x1	25-6	1	274	254	2019	female	25	seedling_only	R63F09	38.2865666666667
Y2x41B-2	2	41B-2	220	191	2019	male	41	vegetative_cell_high	R98H09	369.498
Y2x87-8	2	87-8	102	181	2019	male	87	sperm_cell_high	R84A12	392.156
Y73-4x1	73-4	1	231	227	2019	female	73	sperm_cell_high	R35A03	160.436
Y18-2x1	18-2	1	269	257	2019	female	18	vegetative_cell_high	R02D02	54.9727
Y2x86G-2	2	86G-2	162	119	2019	male	86	vegetative_cell_high	R103E04	35.5349
Y19-1x1	19-1	1	99	160	2019	female	19	sperm_cell_high	R82A03	392.156
Y45-5x1	45-5	1	269	217	2019	female	45	sperm_cell_high	R87A03	51.2846
Y2x46-2	2	46-2	289	281	2019	male	46	sperm_cell_high	R60D10	76.6179
Y14-2x1	14-2	1	210	215	2019	female	14	vegetative_cell_high	R92F08	330.685
Y11-1x1	11-1	1	267	268	2019	female	11	sperm_cell_high	R91F11	220.451
Y43-3x1	43-3	1	275	274	2019	female	43	seedling_only	R46C04	106.187666666667
Y66-9x1	66-9	1	200	228	2019	female	66	sperm_cell_high	R26G07	118.053
Y35-4x1	35-4	1	246	259	2019	female	35	vegetative_cell_high	R81G05	64.6735
Y66-5x1	66-5	1	182	204	2019	female	66	sperm_cell_high	R26G07	118.053
Y2x50G-2	2	50G-2	292	270	2019	male	50	sperm_cell_high	R106G12	126.303
Y41B-5x1	41B-5	1	255	216	2019	female	41	vegetative_cell_high	R98H09	369.498
Y2x73-3	2	73-3	283	217	2019	male	73	sperm_cell_high	R35A03	160.436
Y68-3x1	68-3	1	223	247	2019	female	68	vegetative_cell_high	R83B04	90.3365
Y2x25-2	2	25-2	293	295	2019	male	25	seedling_only	R63F09	38.2865666666667
Y2x73-4	2	73-4	287	284	2019	male	73	sperm_cell_high	R35A03	160.436
Y39-4x1	39-4	1	239	229	2019	female	39	vegetative_cell_high	R88B08	720.42
Y36-1x1	36-1	1	293	261	2019	female	36	vegetative_cell_high	R92A10	132.288
Y64-3x1	64-3	1	253	241	2019	female	64	sperm_cell_high	R53C03	48.0851
Y32-1x1	32-1	1	202	202	2019	female	32	vegetative_cell_high	R27E01	47.4902
Y2x52-3	2	52-3	270	253	2019	male	52	vegetative_cell_high	R52E07	153.004
Y2x50G-5	2	50G-5	162	161	2019	male	50	sperm_cell_high	R106G12	126.303
Y2x70-2	2	70-2	172	174	2019	male	70	vegetative_cell_high	R08A07	353.673
Y2x49-4	2	49-4	179	152	2019	male	49	vegetative_cell_high	R24D03	165.028
Y2x26-4	2	26-4	223	181	2019	male	26	vegetative_cell_high	R01G01	176.627
Y2x14-6	2	14-6	135	168	2019	male	14	vegetative_cell_high	R92F08	330.685
Y56-3x1	56-3	1	254	264	2019	female	56	vegetative_cell_high	R41F01	159.129
Y2x35-1	2	35-1	216	255	2019	male	35	vegetative_cell_high	R81G05	64.6735
Y2x63-7	2	63-7	204	191	2019	male	63	sperm_cell_high	R53C03	48.0851
Y2x68-3	2	68-3	265	281	2019	male	68	vegetative_cell_high	R83B04	90.3365
Y54-5x1	54-5	1	113	124	2019	female	54	vegetative_cell_high	R33F03	304.574
Y51-6x1	51-6	1	230	251	2019	female	51	vegetative_cell_high	R52E07	153.004
Y2x35-6	2	35-6	150	151	2019	male	35	vegetative_cell_high	R81G05	64.6735
Y2x51-2	2	51-2	63	76	2019	male	51	vegetative_cell_high	R52E07	153.004
Y2x86-1	2	86-1	278	284	2019	male	86	vegetative_cell_high	R103E04	35.5349
Y50G-5x1	50G-5	1	268	225	2019	female	50	sperm_cell_high	R106G12	126.303
Y2x70-5	2	70-5	134	151	2019	male	70	vegetative_cell_high	R08A07	353.673
Y2x49-3	2	49-3	82	96	2019	male	49	vegetative_cell_high	R24D03	165.028
Y2x26-3	2	26-3	229	289	2019	male	26	vegetative_cell_high	R01G01	176.627
Y2x14-1	2	14-1	171	199	2019	male	14	vegetative_cell_high	R92F08	330.685
Y2x45-3	2	45-3	114	126	2019	male	45	sperm_cell_high	R87A03	51.2846
Y23-1x1	23-1	1	305	242	2019	female	23	vegetative_cell_high	R04A02	52.5708
Y26-2x1	26-2	1	261	256	2019	female	26	vegetative_cell_high	R01G01	176.627
Y2x18-1	2	18-1	139	140	2019	male	18	vegetative_cell_high	R02D02	54.9727
Y2x32-2	2	32-2	159	152	2019	male	32	vegetative_cell_high	R27E01	47.4902
Y2x64-4	2	64-4	154	114	2019	male	64	sperm_cell_high	R53C03	48.0851
Y73-5x1	73-5	1	251	173	2019	female	73	sperm_cell_high	R35A03	160.436
Y2x32-5	2	32-5	131	162	2019	male	32	vegetative_cell_high	R27E01	47.4902
Y2x39-1	2	39-1	210	238	2019	male	39	vegetative_cell_high	R88B08	720.42
Y20-4x1	20-4	1	201	235	2019	female	20	vegetative_cell_high	R23D05	31.1667
Y2x56-1	2	56-1	228	259	2019	male	56	vegetative_cell_high	R41F01	159.129
Y83-5x1	83-5	1	278	226	2019	female	83	vegetative_cell_high	R35A08	162
Y2x64-3	2	64-3	140	194	2019	male	64	sperm_cell_high	R53C03	48.0851
Y87-5x1	87-5	1	287	189	2019	female	87	sperm_cell_high	R84A12	392.156
Y2x45-4	2	45-4	111	122	2019	male	45	sperm_cell_high	R87A03	51.2846
Y72-6x1	72-6	1	197	199	2019	female	72	vegetative_cell_high	R67C09	21028.2
Y24-4x1	24-4	1	160	203	2019	female	24	vegetative_cell_high	R102H01	2786.36
Y2x25-5m2	2	25-5m2	283	307	2019	male	25	seedling_only	R63F09	38.2865666666667
Y2x11-4	2	11-4	174	148	2019	male	11	sperm_cell_high	R91F11	220.451
Y45-4x1	45-4	1	310	210	2019	female	45	sperm_cell_high	R87A03	51.2846
Y2x66-5	2	66-5	196	194	2019	male	66	sperm_cell_high	R26G07	118.053
Y18-3x1	18-3	1	280	252	2019	female	18	vegetative_cell_high	R02D02	54.9727
Y2x66-2	2	66-2	196	194	2019	male	66	sperm_cell_high	R26G07	118.053
Y46-1x1	46-1	1	212	202	2019	female	46	sperm_cell_high	R60D10	76.6179
Y49-4x1	49-4	1	277	212	2019	female	49	vegetative_cell_high	R24D03	165.028
Y2x23-1	2	23-1	240	234	2019	male	23	vegetative_cell_high	R04A02	52.5708
Y2x20-6?	2	20-6?	233	228	2019	male	20	vegetative_cell_high	R23D05	31.1667
Y2x24-5	2	24-5	179	303	2019	male	24	vegetative_cell_high	R102H01	2786.36
Y2x82-10	2	82-10	254	261	2019	male	82	vegetative_cell_high	R35A08	162
Y68-2x1	68-2	1	302	289	2019	female	68	vegetative_cell_high	R83B04	90.3365
Y2x72-3	2	72-3	214	231	2019	male	72	vegetative_cell_high	R67C09	21028.2
Y2x49G-2	2	49G-2	245	269	2019	male	49	vegetative_cell_high	R24D03	165.028
Y34-6x1	34-6	1	220	228	2019	female	34	vegetative_cell_high	R101B03	4371.01
Y41B-4x1	41B-4	1	200	159	2019	female	41	vegetative_cell_high	R98H09	369.498
Y2x40-1	2	40-1	177	158	2019	male	40	sperm_cell_high	R31B01	46.2179
Y63-7x1	63-7	1	222	191	2019	female	63	sperm_cell_high	R53C03	48.0851
Y2x53-4	2	53-4	203	163	2019	male	53	seedling_only	R52B09	96.7292666666667
Y69-1x1	69-1	1	298	235	2019	female	69	vegetative_cell_high	R49F11	4175.48
Y2x53-3	2	53-3	162	135	2019	male	53	seedling_only	R52B09	96.7292666666667
Y37-3x1	37-3	1	158	162	2019	female	37	seedling_only	R106F04	103.9473
Y2x24-2	2	24-2	204	201	2019	male	24	vegetative_cell_high	R102H01	2786.36
Y49-?5x1	49-?5	1	270	222	2019	female	49	vegetative_cell_high	R24D03	165.028
Y20-3x1	20-3	1	247	232	2019	female	20	vegetative_cell_high	R23D05	31.1667
Y73-2x1	73-2	1	226	241	2019	female	73	sperm_cell_high	R35A03	160.436
Y2x63-3	2	63-3	202	228	2019	male	63	sperm_cell_high	R53C03	48.0851
Y86-1x1	86-1	1	287	239	2019	female	86	vegetative_cell_high	R103E04	35.5349
Y2x51-1	2	51-1	155	166	2019	male	51	vegetative_cell_high	R52E07	153.004
Y2x86-2	2	86-2	306	199	2019	male	86	vegetative_cell_high	R103E04	35.5349
Y87-2x1	87-2	1	265	242	2019	female	87	sperm_cell_high	R84A12	392.156
Y2x70-6	2	70-6	190	148	2019	male	70	vegetative_cell_high	R08A07	353.673
Y24-3x1	24-3	1	259	252	2019	female	24	vegetative_cell_high	R102H01	2786.36
Y2x14-2	2	14-2	100	100	2019	male	14	vegetative_cell_high	R92F08	330.685
Y72-1x1	72-1	1	239	262	2019	female	72	vegetative_cell_high	R67C09	21028.2
Y2x86-5	2	86-5	183	144	2019	male	86	vegetative_cell_high	R103E04	35.5349
Y85-4x1	85-4	1	107	100	2019	female	85	vegetative_cell_high	R34C11	885.729
Y2x70-1	2	70-1	221	165	2019	male	70	vegetative_cell_high	R08A07	353.673
Y75-4x1	75-4	1	251	241	2019	female	75	vegetative_cell_high	R45E04	32.8555
Y26-5x1	26-5	1	211	256	2019	female	26	vegetative_cell_high	R01G01	176.627
Y2x14-5	2	14-5	172	210	2019	male	14	vegetative_cell_high	R92F08	330.685
Y71-4x1	71-4	1	237	268	2019	female	71	vegetative_cell_high	R81E02	4371.01
Y2x35-2	2	35-2	236	233	2019	male	35	vegetative_cell_high	R81G05	64.6735
Y2x51-6	2	51-6	171	198	2019	male	51	vegetative_cell_high	R52E07	153.004
Y2x32-6	2	32-6	149	148	2019	male	32	vegetative_cell_high	R27E01	47.4902
Y2x73G-1	2	73G-1	260	234	2019	male	73	sperm_cell_high	R35A03	160.436
Y54-2x1	54-2	1	203	211	2019	female	54	vegetative_cell_high	R33F03	304.574
Y2x39-2	2	39-2	235	229	2019	male	39	vegetative_cell_high	R88B08	720.42
Y51-1x1	51-1	1	303	252	2019	female	51	vegetative_cell_high	R52E07	153.004
Y2x56-2	2	56-2	174	164	2019	male	56	vegetative_cell_high	R41F01	159.129
Y50G-2x1	50G-2	1	279	265	2019	female	50	sperm_cell_high	R106G12	126.303
Y2x25-5m1	2	25-5m1	308	266	2019	male	25	seedling_only	R63F09	38.2865666666667
Y2x18-5	2	18-5	249	272	2019	male	18	vegetative_cell_high	R02D02	54.9727
Y55-1x1	55-1	1	126	151	2019	female	55	vegetative_cell_high	R77F09	33.3009
Y58-2x1	58-2	1	225	195	2019	female	58	vegetative_cell_high	R99B02	56.2152
Y2x18-2	2	18-2	204	207	2019	male	18	vegetative_cell_high	R02D02	54.9727
Y56-4x1	56-4	1	315	285	2019	female	56	vegetative_cell_high	R41F01	159.129
Y2x32-1	2	32-1	267	275	2019	male	32	vegetative_cell_high	R27E01	47.4902
Y38-1x1	38-1	1	277	202	2019	female	38	vegetative_cell_high	R04G10	60.916
Y2x54-3	2	54-3	161	166	2019	male	54	vegetative_cell_high	R33F03	304.574
Y37-4x1	37-4	1	214	234	2019	female	37	seedling_only	R106F04	103.9473
Y86G-2x1	86G-2	1	242	257	2019	female	86	vegetative_cell_high	R103E04	35.5349
Y2x23-2	2	23-2	131	185	2019	male	23	vegetative_cell_high	R04A02	52.5708
Y2x88-4	2	88-4	216	227	2019	male	88	vegetative_cell_high	R107C12	885.729
Y2x75-4	2	75-4	126	174	2019	male	75	vegetative_cell_high	R45E04	32.8555
Y34-1x1	34-1	1	260	233	2019	female	34	vegetative_cell_high	R101B03	4371.01
Y2x88-3	2	88-3	222	207	2019	male	88	vegetative_cell_high	R107C12	885.729
Y62-3x1	62-3	1	222	236	2019	female	62	vegetative_cell_high	R31H05	196.9
Y2x66-6	2	66-6	234	234	2019	male	66	sperm_cell_high	R26G07	118.053
Y35-2x1	35-2	1	251	254	2019	female	35	vegetative_cell_high	R81G05	64.6735
Y66-3x1	66-3	1	249	211	2019	female	66	sperm_cell_high	R26G07	118.053
Y2x54-4	2	54-4	146	202	2019	male	54	vegetative_cell_high	R33F03	304.574
Y69-6x1	69-6	1	245	245	2019	female	69	vegetative_cell_high	R49F11	4175.48
Y82-10x1	82-10	1	286	319	2019	female	82	vegetative_cell_high	R35A08	162
Y39-3bx1	39-3b	1	186	201	2019	female	39	vegetative_cell_high	R88B08	720.42
Y46-6x1	46-6	1	261	238	2019	female	46	sperm_cell_high	R60D10	76.6179
Y43-5x1	43-5	1	224	226	2019	female	43	seedling_only	R46C04	106.187666666667
Y49-3x1	49-3	1	222	213	2019	female	49	vegetative_cell_high	R24D03	165.028
Y2x37-4	2	37-4	232	216	2019	male	37	seedling_only	R106F04	103.9473
Y2x24-1	2	24-1	263	201	2019	male	24	vegetative_cell_high	R102H01	2786.36
Y2x40-5	2	40-5	155	216	2019	male	40	sperm_cell_high	R31B01	46.2179
Y2x84-3	2	84-3	190	159	2019	male	84	seedling_only	R65E02	234.641
Y2x82-13	2	82-13	138	138	2019	male	82	vegetative_cell_high	R35A08	162
Y2x40-2	2	40-2	202	180	2019	male	40	sperm_cell_high	R31B01	46.2179
Y2x84-4	2	84-4	233	211	2019	male	84	seedling_only	R65E02	234.641
Y45-3x1	45-3	1	267	283	2019	female	45	sperm_cell_high	R87A03	51.2846
Y2x49G-1	2	49G-1	121	126	2019	male	49	vegetative_cell_high	R24D03	165.028
Y18-4x1	18-4	1	255	258	2019	female	18	vegetative_cell_high	R02D02	54.9727
Y17-1x1	17-1	1	284	235	2019	female	17	vegetative_cell_high	R32B05	32.8555
Y2x58-3	2	58-3	110	122	2019	male	58	vegetative_cell_high	R99B02	56.2152
Y2x37-3	2	37-3	172	182	2019	male	37	seedling_only	R106F04	103.9473
Y49G-1x1	49G-1	1	189	197	2019	female	49	vegetative_cell_high	R24D03	165.028
Y2x71-6	2	71-6	251	278	2019	male	71	vegetative_cell_high	R81E02	4371.01
Y87-3x1	87-3	1	284	248	2019	female	87	sperm_cell_high	R84A12	392.156
Y2x43-4	2	43-4	249	229	2019	male	43	seedling_only	R46C04	106.187666666667
Y2x87-2	2	87-2	47	194	2019	male	87	sperm_cell_high	R84A12	392.156
Y24-2x1	24-2	1	257	268	2019	female	24	vegetative_cell_high	R102H01	2786.36
Y73-3x1	73-3	1	282	256	2019	female	73	sperm_cell_high	R35A03	160.436
Y2x34-5	2	34-5	139	151	2019	male	34	vegetative_cell_high	R101B03	4371.01
Y20-2x1	20-2	1	213	199	2019	female	20	vegetative_cell_high	R23D05	31.1667
Y25-1x1	25-1	1	228	238	2019	female	25	seedling_only	R63F09	38.2865666666667
Y2x62-3	2	62-3	126	126	2019	male	62	vegetative_cell_high	R31H05	196.9
Y2x34-2	2	34-2	192	194	2019	male	34	vegetative_cell_high	R101B03	4371.01
Y71-5x1	71-5	1	194	200	2019	female	71	vegetative_cell_high	R81E02	4371.01
Y84-6x1	84-6	1	276	258	2019	female	84	seedling_only	R65E02	234.641
Y2x71-1	2	71-1	197	242	2019	male	71	vegetative_cell_high	R81E02	4371.01
Y2x43-3	2	43-3	122	109	2019	male	43	seedling_only	R46C04	106.187666666667
Y85-5x1	85-5	1	357	157	2019	female	85	vegetative_cell_high	R34C11	885.729
Y80-6x1	80-6	1	230	255	2019	female	80	vegetative_cell_high	R72D11	90.5725
Y2x87-5	2	87-5	38	200	2019	male	87	sperm_cell_high	R84A12	392.156
Y26-4x1	26-4	1	269	271	2019	female	26	vegetative_cell_high	R01G01	176.627
Y70-6x1	70-6	1	234	207	2019	female	70	vegetative_cell_high	R08A07	353.673
Y75-5x1	75-5	1	273	271	2019	female	75	vegetative_cell_high	R45E04	32.8555
Y50G-3x1	50G-3	1	174	204	2019	female	50	sperm_cell_high	R106G12	126.303
Y2x80-1	2	80-1	217	230	2019	male	80	vegetative_cell_high	R72D11	90.5725
Y2x19-5	2	19-5	164	300	2019	male	19	sperm_cell_high	R82A03	392.156
Y2x20-3	2	20-3	124	141	2019	male	20	vegetative_cell_high	R23D05	31.1667
Y2x41B-1	2	41B-1	221	170	2019	male	41	vegetative_cell_high	R98H09	369.498
Y54-3x1	54-3	1	80	94	2019	female	54	vegetative_cell_high	R33F03	304.574
Y2x38-2	2	38-2	220	220	2019	male	38	vegetative_cell_high	R04G10	60.916
Y2x41B-6	2	41B-6	88	117	2019	male	41	vegetative_cell_high	R98H09	369.498
Y2x38-5	2	38-5	160	153	2019	male	38	vegetative_cell_high	R04G10	60.916
Y2x33-1	2	33-1	201	164	2019	male	33	vegetative_cell_high	R27E01	47.4902
Y53-6x1	53-6	1	257	256	2019	female	53	seedling_only	R52B09	96.7292666666667
Y2x80-6	2	80-6	124	134	2019	male	80	vegetative_cell_high	R72D11	90.5725
Y2x19-2	2	19-2	153	361	2019	male	19	sperm_cell_high	R82A03	392.156
Y2x20-4	2	20-4	183	213	2019	male	20	vegetative_cell_high	R23D05	31.1667
Y58-3x1	58-3	1	255	245	2019	female	58	vegetative_cell_high	R99B02	56.2152
Y2x46-6	2	46-6	330	268	2019	male	46	sperm_cell_high	R60D10	76.6179
Y32-6x1	32-6	1	235	226	2019	female	32	vegetative_cell_high	R27E01	47.4902
Y37-5x1	37-5	1	134	149	2019	female	37	seedling_only	R106F04	103.9473
Y64-4x1	64-4	1	172	157	2019	female	64	sperm_cell_high	R53C03	48.0851
Y63-1x1	63-1	1	255	276	2019	female	63	sperm_cell_high	R53C03	48.0851
Y2x55-4	2	55-4	187	234	2019	male	55	vegetative_cell_high	R77F09	33.3009
Y66-2x1	66-2	1	284	267	2019	female	66	sperm_cell_high	R26G07	118.053
Y2x86G-1	2	86G-1	91	94	2019	male	86	vegetative_cell_high	R103E04	35.5349
Y35-3x1	35-3	1	196	241	2019	female	35	vegetative_cell_high	R81G05	64.6735
Y82-11x1	82-11	1	220	239	2019	female	82	vegetative_cell_high	R35A08	162
Y62-2x1	62-2	1	260	227	2019	female	62	vegetative_cell_high	R31H05	196.9
Y67-1x1	67-1	1	218	221	2019	female	67	sperm_cell_high	R26G07	118.053
Y2x46-1	2	46-1	269	221	2019	male	46	sperm_cell_high	R60D10	76.6179
Y41B-2x1	41B-2	1	253	265	2019	female	41	vegetative_cell_high	R98H09	369.498
Y2x82-7	2	82-7	163	177	2019	male	82	vegetative_cell_high	R35A08	162
Y2x25-1	2	25-1	167	173	2019	male	25	seedling_only	R63F09	38.2865666666667
Y2x17-3	2	17-3	260	277	2019	male	17	vegetative_cell_high	R32B05	32.8555
Y14-5x1	14-5	1	160	181	2019	female	14	vegetative_cell_high	R92F08	330.685
Y67G-2x1	67G-2	1	296	275	2019	female	67	sperm_cell_high	R26G07	118.053
Y2x59-4	2	59-4	216	250	2019	male	59	seedling_only	R12H07	37.5026
Y43-4x1	43-4	1	239	211	2019	female	43	seedling_only	R46C04	106.187666666667
Y2x36-4	2	36-4	240	187	2019	male	36	vegetative_cell_high	R92A10	132.288
Y2x50G-6	2	50G-6	268	246	2019	male	50	sperm_cell_high	R106G12	126.303
Y18-5x1	18-5	1	256	242	2019	female	18	vegetative_cell_high	R02D02	54.9727
Y2x36-3	2	36-3	280	272	2019	male	36	vegetative_cell_high	R92A10	132.288
Y2x50G-1	2	50G-1	183	143	2019	male	50	sperm_cell_high	R106G12	126.303
Y2x25-6	2	25-6	186	193	2019	male	25	seedling_only	R63F09	38.2865666666667
Y2x17-4	2	17-4	221	236	2019	male	17	vegetative_cell_high	R32B05	32.8555
Y45-2x1	45-2	1	251	265	2019	female	45	sperm_cell_high	R87A03	51.2846
Y40-1x1	40-1	1	223	234	2019	female	40	sperm_cell_high	R31B01	46.2179
Y2x85-4	2	85-4	200	169	2019	male	85	vegetative_cell_high	R34C11	885.729
Y19-6x1	19-6	1	229	224	2019	female	19	sperm_cell_high	R82A03	392.156
Y75-6x1	75-6	1	270	256	2019	female	75	vegetative_cell_high	R45E04	32.8555
Y70-5x1	70-5	1	222	217	2019	female	70	vegetative_cell_high	R08A07	353.673
Y2x72-1	2	72-1	152	154	2019	male	72	vegetative_cell_high	R67C09	21028.2
Y2x82-12	2	82-12	147	159	2019	male	82	vegetative_cell_high	R35A08	162
Y80-5x1	80-5	1	268	273	2019	female	80	vegetative_cell_high	R72D11	90.5725
Y2x40-3	2	40-3	199	214	2019	male	40	sperm_cell_high	R31B01	46.2179
Y85-6x1	85-6	1	216	184	2019	female	85	vegetative_cell_high	R34C11	885.729
Y2x84-5	2	84-5	227	253	2019	male	84	seedling_only	R65E02	234.641
Y2x53-6	2	53-6	95	97	2019	male	53	seedling_only	R52B09	96.7292666666667
Y2x58-2	2	58-2	246	257	2019	male	58	vegetative_cell_high	R99B02	56.2152
Y84-5x1	84-5	1	238	223	2019	female	84	seedling_only	R65E02	234.641
Y71-6x1	71-6	1	237	252	2019	female	71	vegetative_cell_high	R81E02	4371.01
Y86-3x1	86-3	1	282	98	2019	female	86	vegetative_cell_high	R103E04	35.5349
Y2x53-1	2	53-1	282	260	2019	male	53	seedling_only	R52B09	96.7292666666667
Y2x37-5	2	37-5	188	211	2019	male	37	seedling_only	R106F04	103.9473
Y25-2x1	25-2	1	244	236	2019	female	25	seedling_only	R63F09	38.2865666666667
Y72-3x1	72-3	1	240	231	2019	female	72	vegetative_cell_high	R67C09	21028.2
Y2x66-9	2	66-9	244	262	2019	male	66	sperm_cell_high	R26G07	118.053
Y24-1x1	24-1	1	249	252	2019	female	24	vegetative_cell_high	R102H01	2786.36
Y2x84-2	2	84-2	188	191	2019	male	84	seedling_only	R65E02	234.641
Y2x23-4	2	23-4	189	294	2019	male	23	vegetative_cell_high	R04A02	52.5708
Y2x75-2	2	75-2	158	156	2019	male	75	vegetative_cell_high	R45E04	32.8555
Y2x66-7	2	66-7	211	235	2019	male	66	sperm_cell_high	R26G07	118.053
Y2x54-5	2	54-5	143	150	2019	male	54	vegetative_cell_high	R33F03	304.574
Y53-5x1	53-5	1	288	235	2019	female	53	seedling_only	R52B09	96.7292666666667
Y2x54-2	2	54-2	165	183	2019	male	54	vegetative_cell_high	R33F03	304.574
Y51-3x1	51-3	1	198	212	2019	female	51	vegetative_cell_high	R52E07	153.004
Y2x72-6m1	2	72-6m1	249	290	2019	male	72	vegetative_cell_high	R67C09	21028.2
Y2x23-3	2	23-3	206	215	2019	male	23	vegetative_cell_high	R04A02	52.5708
Y2x11-1	2	11-1	252	236	2019	male	11	sperm_cell_high	R91F11	220.451
Y2x83-1	2	83-1	222	216	2019	male	83	vegetative_cell_high	R35A08	162
Y2x75-5	2	75-5	134	135	2019	male	75	vegetative_cell_high	R45E04	32.8555
Y62-1x1	62-1	1	265	238	2019	female	62	vegetative_cell_high	R31H05	196.9
Y41B-1x1	41B-1	1	258	203	2019	female	41	vegetative_cell_high	R98H09	369.498
Y34-3x1	34-3	1	254	258	2019	female	34	vegetative_cell_high	R101B03	4371.01
Y2x18-3	2	18-3	285	283	2019	male	18	vegetative_cell_high	R02D02	54.9727
Y2x39-4	2	39-4	163	153	2019	male	39	vegetative_cell_high	R88B08	720.42
Y82-12x1	82-12	1	226	197	2019	female	82	vegetative_cell_high	R35A08	162
Y69-4x1	69-4	1	213	250	2019	female	69	vegetative_cell_high	R49F11	4175.48
Y63-2x1	63-2	1	231	249	2019	female	63	sperm_cell_high	R53C03	48.0851
Y2x20-5?	2	20-5?	217	209	2019	male	20	vegetative_cell_high	R23D05	31.1667
Y2x39-3	2	39-3	184	199	2019	male	39	vegetative_cell_high	R88B08	720.42
Y37-6x1	37-6	1	254	208	2019	female	37	seedling_only	R106F04	103.9473
Y32-5x1	32-5	1	242	258	2019	female	32	vegetative_cell_high	R27E01	47.4902
Y38-3x1	38-3	1	269	235	2019	female	38	vegetative_cell_high	R04G10	60.916
Y2x56-3	2	56-3	164	201	2019	male	56	vegetative_cell_high	R41F01	159.129
Y2x18-4	2	18-4	278	250	2019	male	18	vegetative_cell_high	R02D02	54.9727
Y2x86-4	2	86-4	253	196	2019	male	86	vegetative_cell_high	R103E04	35.5349
Y40-2x1	40-2	1	262	229	2019	female	40	sperm_cell_high	R31B01	46.2179
Y19-5x1	19-5	1	215	230	2019	female	19	sperm_cell_high	R82A03	392.156
Y2x35-3	2	35-3	255	248	2019	male	35	vegetative_cell_high	R81G05	64.6735
Y2x63-5	2	63-5	102	106	2019	male	63	sperm_cell_high	R53C03	48.0851
Y17-3x1	17-3	1	265	269	2019	female	17	vegetative_cell_high	R32B05	32.8555
Y2x68-1	2	68-1	79	117	2019	male	68	vegetative_cell_high	R83B04	90.3365
Y2x35-4	2	35-4	118	140	2019	male	35	vegetative_cell_high	R81G05	64.6735
Y2x63-2	2	63-2	203	174	2019	male	63	sperm_cell_high	R53C03	48.0851
Y49-1x1	49-1	1	247	213	2019	female	49	vegetative_cell_high	R24D03	165.028
Y2x68-6	2	68-6	183	162	2019	male	68	vegetative_cell_high	R83B04	90.3365
Y2x86-3	2	86-3	235	211	2019	male	86	vegetative_cell_high	R103E04	35.5349
Y11-5x1	11-5	1	276	272	2019	female	11	sperm_cell_high	R91F11	220.451
Y67G-1x1	67G-1	1	223	210	2019	female	67	sperm_cell_high	R26G07	118.053
Y14-6x1	14-6	1	206	209	2019	female	14	vegetative_cell_high	R92F08	330.685
Y2x49-1	2	49-1	111	73	2019	male	49	vegetative_cell_high	R24D03	165.028
Y2x26-1	2	26-1	217	251	2019	male	26	vegetative_cell_high	R01G01	176.627
Y84-4x1	84-4	1	222	226	2019	female	84	seedling_only	R65E02	234.641
Y2x59-2	2	59-2	96	84	2019	male	59	seedling_only	R12H07	37.5026
Y2x36-2	2	36-2	165	211	2019	male	36	vegetative_cell_high	R92A10	132.288
Y2x58-4m1	2	58-4m1	103	121	2019	male	58	vegetative_cell_high	R99B02	56.2152
Y73G-1?x1	73G-1?	1	195	215	2019	female	73	sperm_cell_high	R35A03	160.436
Y2x85-5	2	85-5	183	192	2019	male	85	vegetative_cell_high	R34C11	885.729
Y2x73-1	2	73-1	262	266	2019	male	73	sperm_cell_high	R35A03	160.436
Y2x17-2	2	17-2	225	211	2019	male	17	vegetative_cell_high	R32B05	32.8555
Y72-2x1	72-2	1	239	246	2019	female	72	vegetative_cell_high	R67C09	21028.2
Y88-4x1	88-4	1	208	178	2019	female	88	vegetative_cell_high	R107C12	885.729
Y87-1x1	87-1	1	241	198	2019	female	87	sperm_cell_high	R84A12	392.156
Y83-1x1	83-1	1	275	272	2019	female	83	vegetative_cell_high	R35A08	162
Y2x52-1	2	52-1	234	242	2019	male	52	vegetative_cell_high	R52E07	153.004
Y86-2x1	86-2	1	235	223	2019	female	86	vegetative_cell_high	R103E04	35.5349
Y25-3x1	25-3	1	265	251	2019	female	25	seedling_only	R63F09	38.2865666666667
Y2x50G-7	2	50G-7	157	191	2019	male	50	sperm_cell_high	R106G12	126.303
Y73-1x1	73-1	1	142	149	2019	female	73	sperm_cell_high	R35A03	160.436
Y2x82-8	2	82-8	180	176	2019	male	82	vegetative_cell_high	R35A08	162
Y2x55-5	2	55-5	98	85	2019	male	55	vegetative_cell_high	R77F09	33.3009
Y53-4x1	53-4	1	183	215	2019	female	53	seedling_only	R52B09	96.7292666666667
Y59-2x1	59-2	1	237	240	2019	female	59	seedling_only	R12H07	37.5026
Y58-1x1	58-1	1	281	273	2019	female	58	vegetative_cell_high	R99B02	56.2152
Y55-2x1	55-2	1	310	201	2019	female	55	vegetative_cell_high	R77F09	33.3009
Y50G-1x1	50G-1	1	233	217	2019	female	50	sperm_cell_high	R106G12	126.303
Y2x55-2	2	55-2	118	162	2019	male	55	vegetative_cell_high	R77F09	33.3009
Y51-2x1	51-2	1	141	145	2019	female	51	vegetative_cell_high	R52E07	153.004
Y54-1x1	54-1	1	212	220	2019	female	54	vegetative_cell_high	R33F03	304.574
Y82-13x1	82-13	1	185	204	2019	female	82	vegetative_cell_high	R35A08	162
Y39-3ax1	39-3a	1	251	253	2019	female	39	vegetative_cell_high	R88B08	720.42
Y35-1x1	35-1	1	226	235	2019	female	35	vegetative_cell_high	R81G05	64.6735
Y63-3x1	63-3	1	237	228	2019	female	63	sperm_cell_high	R53C03	48.0851
Y69-5x1	69-5	1	269	248	2019	female	69	vegetative_cell_high	R49F11	4175.48
Y34-2x1	34-2	1	247	289	2019	female	34	vegetative_cell_high	R101B03	4371.01
Y68-6x1	68-6	1	166	189	2019	female	68	vegetative_cell_high	R83B04	90.3365
Y2x19-3	2	19-3	104	213	2019	male	19	sperm_cell_high	R82A03	392.156
Y36-4x1	36-4	1	151	133	2019	female	36	vegetative_cell_high	R92A10	132.288
Y39-1x1	39-1	1	199	186	2019	female	39	vegetative_cell_high	R88B08	720.42
Y2x19-4	2	19-4	98	154	2019	male	19	sperm_cell_high	R82A03	392.156
Y86G-1x1	86G-1	1	265	247	2019	female	86	vegetative_cell_high	R103E04	35.5349
Y2x20-2	2	20-2	213	233	2019	male	20	vegetative_cell_high	R23D05	31.1667
Y2x38-3	2	38-3	74	58	2019	male	38	vegetative_cell_high	R04G10	60.916
Y38-2x1	38-2	1	287	260	2019	female	38	vegetative_cell_high	R04G10	60.916
Y32-4x1	32-4	1	92	58	2019	female	32	vegetative_cell_high	R27E01	47.4902
Y2x34-3	2	34-3	164	196	2019	male	34	vegetative_cell_high	R101B03	4371.01
Y49G-2x1	49G-2	1	197	190	2019	female	49	vegetative_cell_high	R24D03	165.028
Y2x69-1	2	69-1	144	181	2019	male	69	vegetative_cell_high	R49F11	4175.48
Y17-2x1	17-2	1	229	235	2019	female	17	vegetative_cell_high	R32B05	32.8555
Y19-4x1	19-4	1	250	280	2019	female	19	sperm_cell_high	R82A03	392.156
Y40-3x1	40-3	1	219	204	2019	female	40	sperm_cell_high	R31B01	46.2179
Y2x87-4	2	87-4	78	196	2019	male	87	sperm_cell_high	R84A12	392.156
Y2x66-10	2	66-10	182	163	2019	male	66	sperm_cell_high	R26G07	118.053
Y2x43-5	2	43-5	132	164	2019	male	43	seedling_only	R46C04	106.187666666667
Y11-4x1	11-4	1	239	241	2019	female	11	sperm_cell_high	R91F11	220.451
Y2x87-3	2	87-3	101	253	2019	male	87	sperm_cell_high	R84A12	392.156
Y2x69-6	2	69-6	136	180	2019	male	69	vegetative_cell_high	R49F11	4175.48
Y2x62-2	2	62-2	209	210	2019	male	62	vegetative_cell_high	R31H05	196.9
Y2x81-1	2	81-1	90	100	2019_additional_alleles	male	81	seedling_only	R44E07	116.5753333
Y2x81-6	2	81-6	119	137	2019_additional_alleles	male	81	seedling_only	R44E07	116.5753333
Y2x42-4	2	42-4	146	173	2019_additional_alleles	male	42	sperm_cell_high	R83A02	508.239
Y2x42-3	2	42-3	281	244	2019_additional_alleles	male	42	sperm_cell_high	R83A02	508.239
Y2x81-3m1	2	81-3m1	293	293	2019_additional_alleles	male	81	seedling_only	R44E07	116.5753333
Y2x74G-2	2	74G-2	214	157	2019_additional_alleles	male	74	seedling_only	R65A10	695.5563333
Y2x89-4	2	89-4	176	203	2019_additional_alleles	male	89	seedling_only	R106E07	35.1108
Y2x74-4	2	74-4	142	145	2019_additional_alleles	male	74	seedling_only	R65A10	695.5563333
Y2x89-3	2	89-3	269	301	2019_additional_alleles	male	89	seedling_only	R106E07	35.1108
Y2x74-3	2	74-3	227	192	2019_additional_alleles	male	74	seedling_only	R65A10	695.5563333
Y2x44-7	2	44-7	104	127	2019_additional_alleles	male	44	seedling_only	R91G06	53.8378
Y2x42-2	2	42-2	147	202	2019_additional_alleles	male	42	sperm_cell_high	R83A02	508.239
Y2x42-5	2	42-5	153	153	2019_additional_alleles	male	42	sperm_cell_high	R83A02	508.239
Y2x44-1	2	44-1	205	200	2019_additional_alleles	male	44	seedling_only	R91G06	53.8378
Y2x44-6	2	44-6	207	185	2019_additional_alleles	male	44	seedling_only	R91G06	53.8378
Y2x74-2	2	74-2	264	209	2019_additional_alleles	male	74	seedling_only	R65A10	695.5563333
Y2x89-2	2	89-2	251	289	2019_additional_alleles	male	89	seedling_only	R106E07	35.1108
Y2x74-5	2	74-5	180	182	2019_additional_alleles	male	74	seedling_only	R65A10	695.5563333
Y2x74G-3	2	74G-3	259	251	2019_additional_alleles	male	74	seedling_only	R65A10	695.5563333
Y2x44-5	2	44-5	237	204	2019_additional_alleles	male	44	seedling_only	R91G06	53.8378
Y2x44-2	2	44-2	140	181	2019_additional_alleles	male	44	seedling_only	R91G06	53.8378
Y2x89-6	2	89-6	202	207	2019_additional_alleles	male	89	seedling_only	R106E07	35.1108
Y2x74-1	2	74-1	151	123	2019_additional_alleles	male	74	seedling_only	R65A10	695.5563333
Y2x89-8	2	89-8	250	268	2019_additional_alleles	male	89	seedling_only	R106E07	35.1108
Y2x42-6	2	42-6	239	217	2019_additional_alleles	male	42	sperm_cell_high	R83A02	508.239
Y2x42-1	2	42-1	160	162	2019_additional_alleles	male	42	sperm_cell_high	R83A02	508.239
Y2x81-4	2	81-4	167	150	2019_additional_alleles	male	81	seedling_only	R44E07	116.5753333
Y2x89-11	2	89-11	263	298	2019_additional_alleles	male	89	seedling_only	R106E07	35.1108
Y2x89-7	2	89-7	289	229	2019_additional_alleles	male	89	seedling_only	R106E07	35.1108
Y2x44-3	2	44-3	293	242	2019_additional_alleles	male	44	seedling_only	R91G06	53.8378
Y2x81-5	2	81-5	180	207	2019_additional_alleles	male	81	seedling_only	R44E07	116.5753333
Y2x81-2	2	81-2	211	231	2019_additional_alleles	male	81	seedling_only	R44E07	116.5753333
Y2x81-3m2	2	81-3m2	60	94	2019_additional_alleles	male	81	seedling_only	R44E07	116.5753333
Y2x42-7	2	42-7	236	271	2019_additional_alleles	male	42	sperm_cell_high	R83A02	508.239
Y81-1x1	81-1	1	319	308	2019_additional_alleles	female	81	seedling_only	R44E07	116.5753333
Y74-2x1	74-2	1	258	230	2019_additional_alleles	female	74	seedling_only	R65A10	695.5563333
Y42-3x1	42-3	1	117	123	2019_additional_alleles	female	42	sperm_cell_high	R83A02	508.239
Y44-5x1	44-5	1	250	251	2019_additional_alleles	female	44	seedling_only	R91G06	53.8378
Y74-3x1	74-3	1	249	231	2019_additional_alleles	female	74	seedling_only	R65A10	695.5563333
Y42-2x1	42-2	1	244	229	2019_additional_alleles	female	42	sperm_cell_high	R83A02	508.239
Y81-3x1	81-3	1	240	254	2019_additional_alleles	female	81	seedling_only	R44E07	116.5753333
Y89-3x1	89-3	1	267	289	2019_additional_alleles	female	89	seedling_only	R106E07	35.1108
Y44-7x1	44-7	1	213	204	2019_additional_alleles	female	44	seedling_only	R91G06	53.8378
Y42-1x1	42-1	1	209	230	2019_additional_alleles	female	42	sperm_cell_high	R83A02	508.239
Y74-1x1	74-1	1	295	257	2019_additional_alleles	female	74	seedling_only	R65A10	695.5563333
Y81-2x1	81-2	1	199	204	2019_additional_alleles	female	81	seedling_only	R44E07	116.5753333
Y89-2x1	89-2	1	257	261	2019_additional_alleles	female	89	seedling_only	R106E07	35.1108
Y44-6x1	44-6	1	267	261	2019_additional_alleles	female	44	seedling_only	R91G06	53.8378
Y89-11x1	89-11	1	267	260	2019_additional_alleles	female	89	seedling_only	R106E07	35.1108
Y74G-3x1	74G-3	1	231	241	2019_additional_alleles	female	74	seedling_only	R65A10	695.5563333
Y81-5x1	81-5	1	358	310	2019_additional_alleles	female	81	seedling_only	R44E07	116.5753333
Y42-7x1	42-7	1	233	247	2019_additional_alleles	female	42	sperm_cell_high	R83A02	508.239
Y44-1x1	44-1	1	306	258	2019_additional_alleles	female	44	seedling_only	R91G06	53.8378
Y89-8x1	89-8	1	306	319	2019_additional_alleles	female	89	seedling_only	R106E07	35.1108
Y89-4x1	89-4	1	313	261	2019_additional_alleles	female	89	seedling_only	R106E07	35.1108
Y81-4x1	81-4	1	170	184	2019_additional_alleles	female	81	seedling_only	R44E07	116.5753333
Y74G-2x1	74G-2	1	247	232	2019_additional_alleles	female	74	seedling_only	R65A10	695.5563333
Y42-6x1	42-6	1	216	216	2019_additional_alleles	female	42	sperm_cell_high	R83A02	508.239
Y74-4x1	74-4	1	267	285	2019_additional_alleles	female	74	seedling_only	R65A10	695.5563333
Y89-7x1	89-7	1	232	219	2019_additional_alleles	female	89	seedling_only	R106E07	35.1108
Y44-3x1	44-3	1	233	234	2019_additional_alleles	female	44	seedling_only	R91G06	53.8378
Y42-5x1	42-5	1	208	207	2019_additional_alleles	female	42	sperm_cell_high	R83A02	508.239
Y81-6x1	81-6	1	266	263	2019_additional_alleles	female	81	seedling_only	R44E07	116.5753333
Y74-5x1	74-5	1	108	97	2019_additional_alleles	female	74	seedling_only	R65A10	695.5563333
Y89-6x1	89-6	1	282	263	2019_additional_alleles	female	89	seedling_only	R106E07	35.1108
Y44-2x1	44-2	1	252	256	2019_additional_alleles	female	44	seedling_only	R91G06	53.8378
Y200-4x1	200-4	1	273	273	2019_additional_alleles	female	200	vegetative_cell_high	R02A05	24.0476
Y204-4x1	204-4	1	294	262	2019_additional_alleles	female	204	vegetative_cell_high	R85A08	242.762
Y206-2x1	206-2	1	267	246	2019_additional_alleles	female	206	sperm_cell_high	R89B08	43.9868
Y203-1x1	203-1	1	277	252	2019_additional_alleles	female	203	vegetative_cell_high	R67H12	58.0787
Y2x206G-1	2	206G-1	156	372	2019_additional_alleles	male	206	sperm_cell_high	R89B08	43.9868
Y2x206-1	2	206-1	166	288	2019_additional_alleles	male	206	sperm_cell_high	R89B08	43.9868
Y204-5x1	204-5	1	178	192	2019_additional_alleles	female	204	vegetative_cell_high	R85A08	242.762
Y206-3x1	206-3	1	240	238	2019_additional_alleles	female	206	sperm_cell_high	R89B08	43.9868
Y2x201-2	2	201-2	58	77	2019_additional_alleles	male	201	vegetative_cell_high	R108A02	126.313
Y2x203-3	2	203-3	175	183	2019_additional_alleles	male	203	vegetative_cell_high	R67H12	58.0787
Y2x15-2	2	15-2	147	138	2019_additional_alleles	male	15	sperm_cell_high	R06C04	849.346
Y2x15-5	2	15-5	177	161	2019_additional_alleles	male	15	sperm_cell_high	R06C04	849.346
Y203-3x1	203-3	1	202	216	2019_additional_alleles	female	203	vegetative_cell_high	R67H12	58.0787
Y200-6x1	200-6	1	271	248	2019_additional_alleles	female	200	vegetative_cell_high	R02A05	24.0476
Y2x202-5	2	202-5	157	170	2019_additional_alleles	male	202	sperm_cell_high	R29A11	25.5451
Y2x200-3	2	200-3	203	211	2019_additional_alleles	male	200	vegetative_cell_high	R02A05	24.0476
Y2x200-4	2	200-4	219	217	2019_additional_alleles	male	200	vegetative_cell_high	R02A05	24.0476
Y2x15-4	2	15-4	161	143	2019_additional_alleles	male	15	sperm_cell_high	R06C04	849.346
Y2x204-1	2	204-1	144	145	2019_additional_alleles	male	204	vegetative_cell_high	R85A08	242.762
Y202-1x1	202-1	1	232	229	2019_additional_alleles	female	202	sperm_cell_high	R29A11	25.5451
Y2x203-2	2	203-2	168	180	2019_additional_alleles	male	203	vegetative_cell_high	R67H12	58.0787
Y203-2x1	203-2	1	146	140	2019_additional_alleles	female	203	vegetative_cell_high	R67H12	58.0787
Y206-1x1	206-1	1	284	265	2019_additional_alleles	female	206	sperm_cell_high	R89B08	43.9868
Y2x203-5	2	203-5	246	237	2019_additional_alleles	male	203	vegetative_cell_high	R67H12	58.0787
Y201-4x1	201-4	1	191	186	2019_additional_alleles	female	201	vegetative_cell_high	R108A02	126.313
Y2x201-3	2	201-3	129	147	2019_additional_alleles	male	201	vegetative_cell_high	R108A02	126.313
Y2x201-4	2	201-4	79	101	2019_additional_alleles	male	201	vegetative_cell_high	R108A02	126.313
Y2x204-5	2	204-5	181	191	2019_additional_alleles	male	204	vegetative_cell_high	R85A08	242.762
Y201-3x1	201-3	1	214	209	2019_additional_alleles	female	201	vegetative_cell_high	R108A02	126.313
Y2x204-2	2	204-2	264	234	2019_additional_alleles	male	204	vegetative_cell_high	R85A08	242.762
Y203-5x1	203-5	1	246	228	2019_additional_alleles	female	203	vegetative_cell_high	R67H12	58.0787
Y2x203-1	2	203-1	255	238	2019_additional_alleles	male	203	vegetative_cell_high	R67H12	58.0787
Y206G-2x1	206G-2	1	189	201	2019_additional_alleles	female	206	sperm_cell_high	R89B08	43.9868
Y2x206-4	2	206-4	136	263	2019_additional_alleles	male	206	sperm_cell_high	R89B08	43.9868
Y2x206-3	2	206-3	108	183	2019_additional_alleles	male	206	sperm_cell_high	R89B08	43.9868
Y200-1x1	200-1	1	202	190	2019_additional_alleles	female	200	vegetative_cell_high	R02A05	24.0476
Y204-1x1	204-1	1	221	240	2019_additional_alleles	female	204	vegetative_cell_high	R85A08	242.762
Y202-7x1	202-7	1	256	247	2019_additional_alleles	female	202	sperm_cell_high	R29A11	25.5451
Y2x202-8	2	202-8	182	189	2019_additional_alleles	male	202	sperm_cell_high	R29A11	25.5451
Y2x202-1	2	202-1	169	158	2019_additional_alleles	male	202	sperm_cell_high	R29A11	25.5451
Y203-7x1	203-7	1	149	182	2019_additional_alleles	female	203	vegetative_cell_high	R67H12	58.0787
Y206-4x1	206-4	1	255	251	2019_additional_alleles	female	206	sperm_cell_high	R89B08	43.9868
Y2x206-2	2	206-2	152	150	2019_additional_alleles	male	206	sperm_cell_high	R89B08	43.9868
Y204-2x1	204-2	1	235	229	2019_additional_alleles	female	204	vegetative_cell_high	R85A08	242.762
Y201-1x1	201-1	1	220	241	2019_additional_alleles	female	201	vegetative_cell_high	R108A02	126.313
Y2x206G-2	2	206G-2	163	323	2019_additional_alleles	male	206	sperm_cell_high	R89B08	43.9868
Y2x201-1	2	201-1	224	255	2019_additional_alleles	male	201	vegetative_cell_high	R108A02	126.313
Y202-8x1	202-8	1	106	129	2019_additional_alleles	female	202	sperm_cell_high	R29A11	25.5451
Y2x203-7	2	203-7	135	128	2019_additional_alleles	male	203	vegetative_cell_high	R67H12	58.0787
Y2x204-3	2	204-3	193	199	2019_additional_alleles	male	204	vegetative_cell_high	R85A08	242.762
Y2x204-4	2	204-4	187	184	2019_additional_alleles	male	204	vegetative_cell_high	R85A08	242.762
Y2x15-1	2	15-1	61	95	2019_additional_alleles	male	15	sperm_cell_high	R06C04	849.346
Y202-5x1	202-5	1	247	268	2019_additional_alleles	female	202	sperm_cell_high	R29A11	25.5451
Y200-3x1	200-3	1	254	293	2019_additional_alleles	female	200	vegetative_cell_high	R02A05	24.0476
Y204-3x1	204-3	1	269	306	2019_additional_alleles	female	204	vegetative_cell_high	R85A08	242.762
Y2x200-1	2	200-1	232	250	2019_additional_alleles	male	200	vegetative_cell_high	R02A05	24.0476
Y202-9x1	202-9	1	239	277	2019_additional_alleles	female	202	sperm_cell_high	R29A11	25.5451
Y2x200-6	2	200-6	227	237	2019_additional_alleles	male	200	vegetative_cell_high	R02A05	24.0476
Y206G-1x1	206G-1	1	221	211	2019_additional_alleles	female	206	sperm_cell_high	R89B08	43.9868
Y2x202-7	2	202-7	86	92	2019_additional_alleles	male	202	sperm_cell_high	R29A11	25.5451
Y2x202-9	2	202-9	240	284	2019_additional_alleles	male	202	sperm_cell_high	R29A11	25.5451
Y15-2x1	15-2	1	323	179	2019_additional_alleles	female	15	sperm_cell_high	R06C04	849.346
Y15-1x1	15-1	1	161	169	2019_additional_alleles	female	15	sperm_cell_high	R06C04	849.346
Y15-4x1	15-4	1	310	224	2019_additional_alleles	female	15	sperm_cell_high	R06C04	849.346
Y15-5x1	15-5	1	250	237	2019_additional_alleles	female	15	sperm_cell_high	R06C04	849.346
